Date,Date.1,Open,High,Low,Close,Adj Close,Volume
9/7/17,2017,46.586498,46.820499,46.181,46.797501,46.797501,24254000
9/8/17,2017,46.824501,46.849499,46.243999,46.325001,46.325001,20230000
9/11/17,2017,46.712502,46.918999,46.346001,46.453999,46.453999,25340000
9/12/17,2017,46.629501,46.674,46.19305,46.6035,46.6035,22688000
9/13/17,2017,46.533001,46.862499,46.493,46.754501,46.754501,22052000
9/14/17,2017,46.5625,46.6385,46.200001,46.255501,46.255501,27952000
9/15/17,2017,46.233002,46.324501,45.818001,46.0145,46.0145,50108000
9/18/17,2017,46.0005,46.104,45.529999,45.75,45.75,26138000
9/19/17,2017,45.870998,46.120998,45.627499,46.0905,46.0905,18734000
9/20/17,2017,46.148998,46.694,46.099998,46.578999,46.578999,33396000
9/21/17,2017,46.650002,46.8265,46.191502,46.622501,46.622501,25812000
9/22/17,2017,46.387501,46.7365,46.324001,46.426498,46.426498,21054000
9/25/17,2017,46.272499,46.32,45.485001,46.0485,46.0485,37136000
9/26/17,2017,46.186001,46.541,46.056999,46.243,46.243,33338000
9/27/17,2017,46.387001,47.494999,46.387001,47.224499,47.224499,44788000
9/28/17,2017,47.068001,47.5345,47.0275,47.474998,47.474998,20406000
9/29/17,2017,47.599998,47.9893,47.5755,47.955502,47.955502,31620000
10/2/17,2017,47.999001,48.126999,47.391998,47.663502,47.663502,25668000
10/3/17,2017,47.700001,47.900002,47.457001,47.8895,47.8895,17766000
10/4/17,2017,47.849998,48.019501,47.5345,47.584,47.584,19048000
10/5/17,2017,47.774502,48.545502,47.758999,48.498001,48.498001,24276000
10/6/17,2017,48.334999,48.973,48.167999,48.9445,48.9445,23478000
10/9/17,2017,49,49.271252,48.8055,48.849998,48.849998,17828000
10/10/17,2017,49,49.078499,48.304001,48.630001,48.630001,19368000
10/11/17,2017,48.686001,49.5355,48.612499,49.462502,49.462502,33866000
10/12/17,2017,49.372501,49.706001,49.25,49.391499,49.391499,25248000
10/13/17,2017,49.599998,49.8605,49.450001,49.484001,49.484001,23396000
10/16/17,2017,49.605,49.695351,49.200001,49.599998,49.599998,18210000
10/17/17,2017,49.5145,49.821999,49.429501,49.609001,49.609001,25804000
10/18/17,2017,49.588501,49.835999,49.348751,49.640499,49.640499,21152000
10/19/17,2017,49.299999,49.444,48.919498,49.2225,49.2225,26272000
10/20/17,2017,49.472,49.549999,49.229,49.41,49.41,23664000
10/23/17,2017,49.476002,49.476002,48.306,48.422501,48.422501,29568000
10/24/17,2017,48.5,48.6115,48.049999,48.527,48.527,24244000
10/25/17,2017,48.418499,48.804501,48.026001,48.6665,48.6665,24226000
10/26/17,2017,49,49.380001,48.610001,48.627998,48.627998,40842000
10/27/17,2017,50.459499,52.419498,50.41,50.963501,50.963501,103354000
10/30/17,2017,50.700001,51.248501,50.375,50.855499,50.855499,41702000
10/31/17,2017,50.761002,51.200001,50.521,50.832001,50.832001,26614000
11/1/17,2017,50.8605,51.483501,50.8475,51.275002,51.275002,27468000
11/2/17,2017,51.088001,51.404499,50.650501,51.278999,51.278999,20980000
11/3/17,2017,51.105499,51.6325,51.015499,51.624001,51.624001,21528000
11/6/17,2017,51.449501,51.7435,51.25,51.294998,51.294998,22504000
11/7/17,2017,51.363499,51.698502,51.2565,51.6665,51.6665,22246000
11/8/17,2017,51.526001,52.176102,51.422501,51.9925,51.9925,21774000
11/9/17,2017,51.699501,51.699501,50.983299,51.563,51.563,24904000
11/10/17,2017,51.323002,51.537998,51.264,51.4035,51.4035,14400000
11/13/17,2017,51.171001,51.578999,51.128502,51.287498,51.287498,17716000
11/14/17,2017,51.129501,51.3405,50.7075,51.299999,51.299999,19184000
11/15/17,2017,50.960499,51.204498,50.771,51.045502,51.045502,17080000
11/16/17,2017,51.125999,51.796001,51.125999,51.625,51.625,22594000
11/17/17,2017,51.7005,51.721001,50.887501,50.954498,50.954498,27942000
11/20/17,2017,51.013,51.130501,50.875,50.918999,50.918999,19070000
11/21/17,2017,51.165501,51.755501,51.132751,51.724499,51.724499,21940000
11/22/17,2017,51.75,51.985298,51.571499,51.798,51.798,14926000
11/24/17,2017,51.793499,52.158901,51.75,52.030499,52.030499,10740000
11/27/17,2017,52,52.772999,51.922001,52.710499,52.710499,26158000
11/28/17,2017,52.754501,53.118752,52,52.370499,52.370499,28488000
11/29/17,2017,52.133999,52.203999,50.782501,51.083,51.083,49188000
11/30/17,2017,51.1185,51.4245,50.75,51.070499,51.070499,34480000
12/1/17,2017,50.790001,51.1245,50.101002,50.508499,50.508499,38192000
12/4/17,2017,50.632999,50.805,49.7785,49.933998,49.933998,38128000
12/5/17,2017,49.797001,51.030499,49.414001,50.2575,50.2575,41346000
12/6/17,2017,50.075001,51.248501,50.056999,50.918999,50.918999,25440000
12/7/17,2017,51.0215,51.712002,50.903549,51.546501,51.546501,29164000
12/8/17,2017,51.8745,52.102501,51.626099,51.852501,51.852501,25816000
12/11/17,2017,51.775002,52.189999,51.602501,52.055,52.055,23856000
12/12/17,2017,51.981499,52.515499,51.684502,52.023998,52.023998,25590000
12/13/17,2017,52.306,52.333248,51.918999,52.030499,52.030499,25654000
12/14/17,2017,52.25,52.924999,52.155499,52.4575,52.4575,31174000
12/15/17,2017,52.730499,53.381001,52.474998,53.209499,53.209499,65518000
12/18/17,2017,53.304001,53.9245,53.099998,53.856998,53.856998,31092000
12/19/17,2017,53.759998,53.841999,53.177502,53.534,53.534,26774000
12/20/17,2017,53.589001,53.668999,53.076,53.247501,53.247501,25372000
12/21/17,2017,53.247501,53.466499,53.089699,53.181499,53.181499,19914000
12/22/17,2017,53.0555,53.209999,52.972,53.006001,53.006001,15102000
12/26/17,2017,52.9035,53.006001,52.509998,52.837002,52.837002,15212000
12/27/17,2017,52.869499,52.918499,52.4025,52.468498,52.468498,25438000
12/28/17,2017,52.580002,52.737499,52.238499,52.407001,52.407001,16742000
12/29/17,2017,52.335999,52.485001,52.244999,52.32,52.32,17750000
1/2/18,2018,52.417,53.347,52.261501,53.25,53.25,24752000
1/3/18,2018,53.2155,54.314499,53.1605,54.124001,54.124001,28604000
1/4/18,2018,54.400002,54.678501,54.2001,54.32,54.32,20092000
1/5/18,2018,54.700001,55.212502,54.599998,55.1115,55.1115,25582000
1/8/18,2018,55.1115,55.563499,55.081001,55.347,55.347,20952000
1/9/18,2018,55.470001,55.5285,55.06155,55.313,55.313,18050000
1/10/18,2018,54.855,55.23,54.8055,55.130501,55.130501,20856000
1/11/18,2018,55.314999,55.326248,54.9795,55.276001,55.276001,19566000
1/12/18,2018,55.120499,56.2145,55.057499,56.112999,56.112999,34410000
1/16/18,2018,56.6255,56.995499,55.891602,56.088001,56.088001,31506000
1/17/18,2018,56.311001,56.630001,55.850498,56.598999,56.598999,24052000
1/18/18,2018,56.570499,56.6255,55.875,56.489498,56.489498,23964000
1/19/18,2018,56.591499,56.893002,56.415001,56.8755,56.8755,35564000
1/22/18,2018,56.8745,57.993999,56.755501,57.790501,57.790501,32360000
1/23/18,2018,57.9925,58.581348,57.9375,58.498501,58.498501,26662000
1/24/18,2018,58.866501,58.993,58.052502,58.212002,58.212002,28332000
1/25/18,2018,58.626499,58.797001,58.138,58.518501,58.518501,29610000
1/26/18,2018,58.754002,58.792,57.905499,58.792,58.792,40376000
1/29/18,2018,58.824001,59.344501,58.598999,58.778999,58.778999,27578000
1/30/18,2018,58.391499,58.826,58.175999,58.184502,58.184502,31126000
1/31/18,2018,58.5285,58.650002,57.956501,58.497002,58.497002,30774000
2/1/18,2018,58.130501,58.700001,57.875999,58.384998,58.384998,48242000
2/2/18,2018,56.099998,56.1535,55.363899,55.595001,55.595001,97158000
2/5/18,2018,54.529999,55.5,52.601501,52.790001,52.790001,75966000
2/6/18,2018,51.359001,54.085499,51.156849,54.029999,54.029999,68960000
2/7/18,2018,54.077,54.089001,52.412998,52.429001,52.429001,47384000
2/8/18,2018,52.7705,52.931,50.033001,50.076,50.076,57182000
2/9/18,2018,50.862499,52.198502,49.627998,51.889,51.889,70118000
2/12/18,2018,52.400002,53.075001,52.046398,52.597,52.597,41154000
2/13/18,2018,52.25,52.918499,52.20435,52.605,52.605,25302000
2/14/18,2018,52.447498,53.585999,52.337502,53.485001,53.485001,31116000
2/15/18,2018,53.953499,54.573952,53.216999,54.476002,54.476002,36868000
2/16/18,2018,54.420502,55.233501,54.415649,54.740002,54.740002,33590000
2/20/18,2018,54.5285,55.697498,54.425999,55.123001,55.123001,28462000
2/21/18,2018,55.323502,56.698502,55.316502,55.567001,55.567001,30258000
2/22/18,2018,55.809502,56.140999,55.129501,55.331501,55.331501,26344000
2/23/18,2018,55.632,56.363998,55.235699,56.3395,56.3395,25220000
2/26/18,2018,56.389999,57.198002,56.334751,57.1875,57.1875,31182000
2/27/18,2018,57.062,57.202,55.900002,55.914501,55.914501,35482000
2/28/18,2018,56.151501,56.376499,55.161999,55.2365,55.2365,37652000
3/1/18,2018,55.393501,55.506001,53.350052,53.476002,53.476002,50318000
3/2/18,2018,52.653999,54.099949,52.40575,53.945999,53.945999,45432000
3/5/18,2018,53.757,54.855,53.450001,54.546501,54.546501,24044000
3/6/18,2018,54.960999,55.092499,54.48875,54.752998,54.752998,30656000
3/7/18,2018,54.459499,55.611,54.274101,55.481998,55.481998,25850000
3/8/18,2018,55.765999,56.380001,55.639999,56.299999,56.299999,27102000
3/9/18,2018,56.799999,58.040001,56.623051,58.001999,58.001999,42560000
3/12/18,2018,58.192501,58.852501,57.870998,58.224998,58.224998,43446000
3/13/18,2018,58.5,58.838001,56.6665,56.908501,56.908501,38144000
3/14/18,2018,57.260502,57.929501,57.071999,57.474499,57.474499,25828000
3/15/18,2018,57.498001,58.054001,56.727001,57.479,57.479,27908000
3/16/18,2018,57.707001,57.793999,56.598,56.786499,56.786499,61840000
3/19/18,2018,56.0005,56.099499,54.4505,54.991001,54.991001,56118000
3/20/18,2018,54.950001,55.259998,54.173,54.885502,54.885502,36638000
3/21/18,2018,54.637001,55.314999,54.2575,54.543999,54.543999,37578000
3/22/18,2018,54.094002,54.145,52.295502,52.453999,52.453999,53340000
3/23/18,2018,52.351501,53.167999,51.061001,51.078499,51.078499,43134000
3/26/18,2018,52.299999,52.781502,50.419998,52.6605,52.6605,53302000
3/27/18,2018,53.150002,53.241951,49.846001,50.255001,50.255001,61906000
3/28/18,2018,49.900002,51.211498,49.032001,50.228001,50.228001,67386000
3/29/18,2018,50.581501,52.150002,50.145,51.5895,51.5895,54536000
4/2/18,2018,51.140999,51.740002,49.518501,50.323502,50.323502,53608000
4/3/18,2018,50.695499,51.0495,49.703499,50.670502,50.670502,45502000
4/4/18,2018,49.670502,51.435902,49.650002,51.257,51.257,49694000
4/5/18,2018,52.066502,52.1395,51.00655,51.390499,51.390499,27260000
4/6/18,2018,51,51.570999,50.151501,50.352001,50.352001,34928000
4/9/18,2018,50.84,51.98,50.703999,50.772499,50.772499,35032000
4/10/18,2018,51.321999,51.813999,50.567001,51.582001,51.582001,39490000
4/11/18,2018,51.399502,51.568199,50.793499,50.998501,50.998501,29678000
4/12/18,2018,51.251999,52.0345,51.071751,51.6255,51.6255,27140000
4/13/18,2018,52.043999,52.320999,51.148998,51.463501,51.463501,24460000
4/16/18,2018,51.849998,52.161999,51.337002,51.898998,51.898998,24224000
4/17/18,2018,52.568501,53.894001,52.412998,53.708,53.708,46406000
4/18/18,2018,53.871498,53.871498,53.311249,53.604,53.604,26882000
4/19/18,2018,53.470001,54.708248,53.409,54.384998,54.384998,34954000
4/20/18,2018,54.099998,54.6175,53.4785,53.647999,53.647999,37794000
4/23/18,2018,53.893002,54.136002,53.035,53.372501,53.372501,46826000
4/24/18,2018,52.599998,52.849998,50.529499,50.999001,50.999001,95206000
4/25/18,2018,51.276001,51.6245,50.765499,51.058998,51.058998,47822000
4/26/18,2018,51.475498,52.398998,50.9095,52.001999,52.001999,41590000
4/27/18,2018,52.299999,52.474998,51.279499,51.502499,51.502499,32396000
4/30/18,2018,51.5005,51.849998,50.842499,50.866501,50.866501,33426000
5/1/18,2018,50.682999,51.9235,50.4105,51.865501,51.865501,28558000
5/2/18,2018,51.404999,52.019451,51.143501,51.219002,51.219002,32062000
5/3/18,2018,50.950001,51.483749,50.314499,51.186001,51.186001,36302000
5/4/18,2018,50.845001,52.425499,50.845001,52.4105,52.4105,38774000
5/7/18,2018,52.461498,53.084,52.355,52.739498,52.739498,29322000
5/8/18,2018,52.926998,53.0275,52.35725,52.695499,52.695499,24354000
5/9/18,2018,52.904999,54.271999,52.818249,54.138,54.138,40656000
5/10/18,2018,54.301498,55.021999,54.282001,54.878502,54.878502,28860000
5/11/18,2018,54.68,55.066502,54.545502,54.912998,54.912998,25074000
5/14/18,2018,55,55.537498,54.955502,55.009998,55.009998,30362000
5/15/18,2018,54.5,54.502499,53.6735,53.961498,53.961498,29898000
5/16/18,2018,53.865501,54.463501,53.813,54.088501,54.088501,21946000
5/17/18,2018,53.994499,54.343498,53.674999,53.929501,53.929501,20876000
5/18/18,2018,53.092999,53.497002,53.034,53.318001,53.318001,31304000
5/21/18,2018,53.702999,54.400002,53.682499,53.979,53.979,20464000
5/22/18,2018,54.178001,54.329498,53.334499,53.4865,53.4865,21800000
5/23/18,2018,53.2565,54.039001,53.085499,53.984501,53.984501,21214000
5/24/18,2018,53.950001,54.023499,53.307499,53.962002,53.962002,15336000
5/25/18,2018,53.951,54.127998,53.688751,53.783001,53.783001,17988000
5/29/18,2018,53.244499,53.668499,52.761002,53.015999,53.015999,37302000
5/30/18,2018,53.151501,53.460499,52.841499,53.389999,53.389999,22770000
5/31/18,2018,53.377998,54.859501,53.377998,54.2495,54.2495,61766000
6/1/18,2018,54.967499,56,54.924999,55.974998,55.974998,48432000
6/4/18,2018,56.116501,57.094501,56.10025,56.9645,56.9645,37792000
6/5/18,2018,57.0495,57.2869,56.6595,56.983002,56.983002,33560000
6/6/18,2018,57.108501,57.150002,56.287151,56.844002,56.844002,33964000
6/7/18,2018,56.566002,56.791,55.826,56.193001,56.193001,30400000
6/8/18,2018,55.909,56.3335,55.607498,56.043499,56.043499,25816000
6/11/18,2018,55.93,56.862999,55.93,56.4995,56.4995,21586000
6/12/18,2018,56.553501,56.989498,56.536751,56.966,56.966,18240000
6/13/18,2018,57.056,57.325001,56.668999,56.739498,56.739498,30128000
6/14/18,2018,57.192501,57.773499,57.032001,57.605999,57.605999,26868000
6/15/18,2018,57.443001,57.671001,57.174252,57.612999,57.612999,42450000
6/18/18,2018,57.182499,58.7155,57.179501,58.673,58.673,28274000
6/19/18,2018,57.924999,58.563499,57.7005,58.403,58.403,32420000
6/20/18,2018,58.765499,59.314301,58.458,58.492001,58.492001,32970000
6/21/18,2018,58.7425,58.86475,57.611599,57.882999,57.882999,24762000
6/22/18,2018,57.957001,58.124851,57.362999,57.773998,57.773998,26220000
6/25/18,2018,57.18,57.195499,55.639,56.240501,56.240501,43146000
6/26/18,2018,56.400002,56.6605,55.832951,55.923,55.923,31264000
6/27/18,2018,56.067001,56.591801,55.181,55.199001,55.199001,25878000
6/28/18,2018,55.1045,56.115501,54.800499,55.710999,55.710999,21448000
6/29/18,2018,56,56.41135,55.75,55.782501,55.782501,26302000
7/2/18,2018,54.950001,56.400002,54.689999,56.373001,56.373001,24346000
7/3/18,2018,56.791,56.791,55.000999,55.144501,55.144501,13580000
7/5/18,2018,55.526501,56.375,55.424,56.213501,56.213501,21334000
7/6/18,2018,56.179001,57.046501,56.03685,57.008499,57.008499,19922000
7/9/18,2018,57.424,57.733501,57.171001,57.702499,57.702499,18180000
7/10/18,2018,57.848999,57.9795,57.4795,57.641998,57.641998,15968000
7/11/18,2018,57.2295,58.2145,57.049999,57.695,57.695,22400000
7/12/18,2018,57.994499,59.220501,57.796749,59.174,59.174,25038000
7/13/18,2018,59.25,59.770851,59,59.441002,59.441002,24438000
7/16/18,2018,59.469501,59.549999,58.964001,59.193001,59.193001,21114000
7/17/18,2018,58.611,60.152,58.529999,59.939999,59.939999,32208000
7/18/18,2018,59.827999,60.224998,59.516998,59.793999,59.793999,27872000
7/19/18,2018,59.549999,60,59.166,59.348,59.348,25534000
7/20/18,2018,59.348,59.842999,59.210999,59.245499,59.245499,24948000
7/23/18,2018,59.050499,60.324501,59.049999,60.275002,60.275002,52384000
7/24/18,2018,63.129501,63.299999,61.778,62.403999,62.403999,66364000
7/25/18,2018,61.956501,63.292999,61.956501,63.185001,63.185001,42556000
7/26/18,2018,62.549999,63.488548,62.451,63.4165,63.4165,48112000
7/27/18,2018,63.549999,63.6945,61.549999,61.924999,61.924999,42612000
7/30/18,2018,61.400501,61.7458,60.573502,60.987,60.987,36998000
7/31/18,2018,61.0005,61.379398,60.279999,60.862999,60.862999,32894000
8/1/18,2018,61.400002,61.6735,60.510502,61.0005,61.0005,31344000
8/2/18,2018,60.294998,61.493999,60.239498,61.307499,61.307499,30626000
8/3/18,2018,61.480999,61.5,60.752998,61.185501,61.185501,21792000
8/6/18,2018,61.25,61.304401,60.789848,61.238499,61.238499,21634000
8/7/18,2018,61.849998,62.558498,61.808498,62.111,62.111,29880000
8/8/18,2018,62.023499,62.825001,61.900398,62.280499,62.280499,27406000
8/9/18,2018,62.494999,62.7771,62.300499,62.455002,62.455002,16972000
8/10/18,2018,62.150002,62.284752,61.599998,61.880501,61.880501,22174000
8/13/18,2018,61.848999,62.46365,61.682049,61.7505,61.7505,19946000
8/14/18,2018,61.759499,62.293499,61.255501,62.105,62.105,26962000
8/15/18,2018,61.463001,61.762001,60.475498,60.719002,60.719002,36576000
8/16/18,2018,61.2365,61.299999,60.127499,60.324501,60.324501,26864000
8/17/18,2018,60.101501,60.451,59.411999,60.048,60.048,27792000
8/20/18,2018,60.250999,60.549999,59.7313,60.3885,60.3885,17416000
8/21/18,2018,60.400002,60.862999,60.0177,60.081001,60.081001,24112000
8/22/18,2018,60,60.591999,59.950001,60.366501,60.366501,17748000
8/23/18,2018,60.356998,61.063999,60.212002,60.269001,60.269001,19852000
8/24/18,2018,60.441002,61.0825,60.317951,61.032501,61.032501,18932000
8/27/18,2018,61.380001,62.154499,61.285801,62.091,62.091,23126000
8/28/18,2018,62.064499,62.127251,61.434502,61.557499,61.557499,26080000
8/29/18,2018,61.872501,62.533001,61.817951,62.465,62.465,25978000
8/30/18,2018,62.211498,62.681751,61.629501,61.956001,61.956001,26628000
8/31/18,2018,61.749001,61.932999,60.564251,60.9095,60.9095,36328000
9/4/18,2018,60.213501,60.649502,59.625,59.849998,59.849998,36620000
9/5/18,2018,59.689999,59.9505,58.099998,59.324001,59.324001,41226000
9/6/18,2018,59.314999,59.314999,57.599998,58.571999,58.571999,37770000
9/7/18,2018,57.933498,58.763,57.860748,58.241501,58.241501,28026000
9/10/18,2018,58.609501,58.727001,58.005501,58.231998,58.231998,22308000
9/11/18,2018,58.081501,58.933998,57.812,58.868,58.868,24186000
9/12/18,2018,58.636002,58.9305,57.917999,58.140999,58.140999,25910000
9/13/18,2018,58.536999,58.9305,58.142502,58.766499,58.766499,28624000
9/14/18,2018,58.955002,59.021252,58.4165,58.626499,58.626499,18880000
9/17/18,2018,58.507,58.862,57.7015,57.802502,57.802502,26130000
9/18/18,2018,57.8545,58.804001,57.8545,58.061001,58.061001,24072000
9/19/18,2018,58.249001,58.6605,57.729,58.554501,58.554501,23828000
9/20/18,2018,58.9995,59.494499,58.667999,59.343498,59.343498,24508000
9/21/18,2018,59.599998,59.6105,58.301998,58.304501,58.304501,88112000
9/24/18,2018,57.858501,58.900002,57.345501,58.668499,58.668499,25420000
9/25/18,2018,58.807499,59.344002,58.400002,59.232498,59.232498,19554000
9/26/18,2018,59.2575,59.711498,58.738251,59.024502,59.024502,29246000
9/27/18,2018,59.336498,60.105,59.181499,59.731998,59.731998,25216000
9/28/18,2018,59.593498,59.7705,59.224998,59.6735,59.6735,27612000
10/1/18,2018,59.994499,60.494999,59.514999,59.765499,59.765499,27152000
10/2/18,2018,59.548,60.498001,59.331501,60.005501,60.005501,33758000
10/3/18,2018,60.25,60.320499,59.691502,60.147499,60.147499,25124000
10/4/18,2018,59.766499,59.8755,57.778801,58.4095,58.4095,44190000
10/5/18,2018,58.375,58.674999,57.256001,57.8675,57.8675,23686000
10/8/18,2018,57.505501,58.400002,56.368198,57.448502,57.448502,38648000
10/9/18,2018,57.307499,57.717499,56.878601,56.941002,56.941002,26174000
10/10/18,2018,56.554001,56.608501,54.056499,54.061001,54.061001,53514000
10/11/18,2018,53.646999,55.32,53.413502,53.966,53.966,58980000
10/12/18,2018,55.400002,55.75,54.320099,55.504002,55.504002,42026000
10/15/18,2018,55.445499,55.672298,54.450001,54.612499,54.612499,27448000
10/16/18,2018,55.2295,56.210999,55.125,56.063999,56.063999,38570000
10/17/18,2018,56.323002,56.449501,55.109501,55.7845,55.7845,29344000
10/18/18,2018,56.091999,56.091999,53.8545,54.398499,54.398499,41890000
10/19/18,2018,54.668499,55.518002,54.387501,54.823002,54.823002,25352000
10/22/18,2018,55.153,55.6115,54.549999,55.057999,55.057999,30284000
10/23/18,2018,54.044498,55.394501,53.5,55.184502,55.184502,36974000
10/24/18,2018,55.212502,55.306,52.437,52.5355,52.5355,39648000
10/25/18,2018,53.5895,55.549,53.477501,54.7785,54.7785,50916000
10/26/18,2018,51.851501,55.3265,51.704498,53.573502,53.573502,83752000
10/29/18,2018,54.123501,54.852001,49.7915,51.004002,51.004002,77614000
10/30/18,2018,50.423,51.8745,50.037498,51.810501,51.810501,64254000
10/31/18,2018,52.990501,54.597,52.849998,53.838501,53.838501,50596000
11/1/18,2018,53.790001,54.19875,53.123001,53.5,53.5,29640000
11/2/18,2018,53.686501,54.14875,52.730499,52.8895,52.8895,36780000
11/5/18,2018,52.75,52.9235,51.062,52.004501,52.004501,48828000
11/6/18,2018,51.973999,53.217251,51.9035,52.790501,52.790501,24666000
11/7/18,2018,53.450001,54.772999,53.294998,54.669498,54.669498,41168000
11/8/18,2018,54.569,54.663502,53.610249,54.119999,54.119999,29764000
11/9/18,2018,53.699501,53.778,52.655499,53.307499,53.307499,26864000
11/12/18,2018,53.0695,53.105999,51.549999,51.931499,51.931499,29436000
11/13/18,2018,52.164501,52.83025,51.557499,51.802502,51.802502,30274000
11/14/18,2018,52.5,52.728199,51.549999,52.182999,52.182999,31318000
11/15/18,2018,52.2355,53.592499,51.589001,53.2355,53.2355,36722000
11/16/18,2018,52.970501,53.349998,52.449001,53.074501,53.074501,33162000
11/19/18,2018,52.860001,53.039501,50.813,51,51,37172000
11/20/18,2018,50,51.587002,49.800999,51.287998,51.287998,48982000
11/21/18,2018,51.838001,52.428001,51.6735,51.880501,51.880501,30686000
11/23/18,2018,51.5,51.879501,51.119949,51.194,51.194,13830000
11/26/18,2018,51.9175,52.4655,51.695499,52.431,52.431,38856000
11/27/18,2018,52.049999,52.879002,51.9245,52.220501,52.220501,36064000
11/28/18,2018,52.438,54.341999,51.787998,54.311501,54.311501,49508000
11/29/18,2018,53.804001,54.71225,53.799999,54.415001,54.415001,29378000
11/30/18,2018,54.453499,54.7785,53.894001,54.7215,54.7215,51604000
12/3/18,2018,56.157001,56.232498,55.18325,55.321499,55.321499,39824000
12/4/18,2018,55.155998,55.221001,52.499001,52.541,52.541,46904000
12/6/18,2018,51.713001,53.560001,51.538502,53.436501,53.436501,55384000
12/7/18,2018,53.0005,53.763,51.424999,51.828999,51.828999,42024000
12/10/18,2018,51.752499,52.422501,51.164501,51.977501,51.977501,36154000
12/11/18,2018,52.824501,53.029999,51.992001,52.587502,52.587502,27894000
12/12/18,2018,53.400002,54.0825,53.1395,53.183998,53.183998,30476000
12/13/18,2018,53.4035,53.987999,52.696499,53.095001,53.095001,26596000
12/14/18,2018,52.499001,53.130001,52.039501,52.105,52.105,33732000
12/17/18,2018,51.8755,52.657501,50.395,50.8265,50.8265,47708000
12/18/18,2018,51.304501,52.473999,51.071999,51.435501,51.435501,43850000
12/19/18,2018,51.699501,53.099998,50.4025,51.150501,51.150501,49586000
12/20/18,2018,50.906502,51.710999,49.818001,50.470501,50.470501,53470000
12/21/18,2018,50.764999,51.201,48.684502,48.977001,48.977001,91920000
12/24/18,2018,48.695,50.176998,48.505501,48.811001,48.811001,31806000
12/26/18,2018,49.4505,52,49.150002,51.973,51.973,47466000
12/27/18,2018,50.857498,52.1945,49.849998,52.194,52.194,42196000
12/28/18,2018,52.480999,52.778,51.654999,51.854,51.854,28296000
12/31/18,2018,52.548,52.634998,51.179501,51.780499,51.780499,29866000
1/2/19,2019,50.828499,52.616001,50.7855,52.2925,52.2925,30652000
1/3/19,2019,52.049999,52.848999,50.703499,50.803001,50.803001,36822000
1/4/19,2019,51.629501,53.542,51.370899,53.5355,53.5355,41878000
1/7/19,2019,53.575001,53.700001,52.737999,53.419498,53.419498,39638000
1/8/19,2019,53.8055,54.228001,53.026501,53.813999,53.813999,35298000
1/9/19,2019,54.0825,54.1315,53.32,53.733002,53.733002,23986000
1/10/19,2019,53.382999,53.557499,52.885502,53.516499,53.516499,29128000
1/11/19,2019,53.159,53.188751,52.424,52.859501,52.859501,30416000
1/14/19,2019,52.346001,52.5765,52.062752,52.234501,52.234501,22886000
1/15/19,2019,52.508499,54.002499,52.367001,53.857498,53.857498,29272000
1/16/19,2019,54,54.618752,53.966999,54.0485,54.0485,26636000
1/17/19,2019,53.973499,54.59,53.674999,54.494999,54.494999,24854000
1/18/19,2019,55,55.417599,54.544998,54.912998,54.912998,39112000
1/22/19,2019,54.400002,54.5755,53.1735,53.526001,53.526001,32270000
1/23/19,2019,53.8675,54.246498,52.987499,53.7785,53.7785,19340000
1/24/19,2019,53.824001,53.973751,53.035,53.695,53.695,27226000
1/25/19,2019,54.25,54.700001,54.091,54.5495,54.5495,22382000
1/28/19,2019,54.005501,54.150002,53.189999,53.504002,53.504002,25686000
1/29/19,2019,53.633999,53.7575,52.793251,53.030998,53.030998,20436000
1/30/19,2019,53.421501,54.549999,53.342499,54.452999,54.452999,25596000
1/31/19,2019,55.150002,55.866501,54.7705,55.818501,55.818501,30766000
2/1/19,2019,55.619999,56.25,55.244499,55.537498,55.537498,29244000
2/4/19,2019,55.632999,56.639999,55.451,56.639999,56.639999,51530000
2/5/19,2019,56.242001,57.342499,55.8624,57.2995,57.2995,71044000
2/6/19,2019,56.9785,57.349998,55.6385,55.761501,55.761501,42112000
2/7/19,2019,55.208,55.242001,54.299999,54.935501,54.935501,40896000
2/8/19,2019,54.349998,54.945499,54.327499,54.752998,54.752998,21516000
2/11/19,2019,54.8475,55.297249,54.643002,54.7505,54.7505,21304000
2/12/19,2019,55.34,56.264751,55.2925,56.068501,56.068501,32182000
2/13/19,2019,56.2495,56.7365,55.924999,56.007999,56.007999,20996000
2/14/19,2019,55.9025,56.411499,55.522251,56.0835,56.0835,18952000
2/15/19,2019,56.504002,56.5835,55.532501,55.682499,55.682499,28996000
2/19/19,2019,55.5,56.094501,55.5,55.928001,55.928001,20928000
2/20/19,2019,55.9995,56.170502,55.264,55.689999,55.689999,21756000
2/21/19,2019,55.542,55.597,54.625999,54.848499,54.848499,28302000
2/22/19,2019,55.044998,55.562,54.779999,55.518501,55.518501,20990000
2/25/19,2019,55.799999,55.926998,55.363499,55.470001,55.470001,28262000
2/26/19,2019,55.287498,55.975498,54.995998,55.7565,55.7565,29426000
2/27/19,2019,55.3475,55.898998,55.049999,55.802502,55.802502,19368000
2/28/19,2019,55.564999,56.3825,55.550499,55.995998,55.995998,30850000
3/1/19,2019,56.244999,57.148499,56.237499,57.0495,57.0495,29006000
3/4/19,2019,57.349499,57.914001,56.5345,57.389999,57.389999,28920000
3/5/19,2019,57.502998,58.480499,57.30975,58.101501,58.101501,28864000
3/6/19,2019,58.1245,58.3783,57.774502,57.893002,57.893002,21986000
3/7/19,2019,57.785999,57.837749,56.745499,57.165001,57.165001,23332000
3/8/19,2019,56.336498,57.354,56.165001,57.116001,57.116001,24248000
3/11/19,2019,57.2225,58.809502,57.2225,58.787998,58.787998,34384000
3/12/19,2019,58.912998,60,58.912998,59.66,59.66,40262000
3/13/19,2019,60.032249,60.046501,59.597,59.666,59.666,28718000
3/14/19,2019,59.725498,59.894001,59.223999,59.2775,59.2775,23456000
3/15/19,2019,59.668999,59.828499,59.130501,59.223,59.223,49236000
3/18/19,2019,59.165001,59.5,58.871052,59.213001,59.213001,25852000
3/19/19,2019,59.440498,60,59.293499,59.942501,59.942501,30414000
3/20/19,2019,59.8675,61.356998,59.808498,61.198502,61.198502,44548000
3/21/19,2019,60.799999,61.5895,60.657501,61.577,61.577,24080000
3/22/19,2019,61.316002,61.5,60.141251,60.275002,60.275002,34284000
3/25/19,2019,59.8465,60.319901,59.352001,59.650002,59.650002,29936000
3/26/19,2019,59.926498,60.141499,58.835999,59.230999,59.230999,38024000
3/27/19,2019,59.275002,59.377949,57.968498,58.651001,58.651001,28004000
3/28/19,2019,58.577,58.578251,57.97155,58.4245,58.4245,19234000
3/29/19,2019,58.744999,58.949501,58.144001,58.665501,58.665501,25398000
4/1/19,2019,59.205002,59.833,59.099998,59.7215,59.7215,25050000
4/2/19,2019,59.765999,60.067501,59.2855,60.024502,60.024502,16558000
4/3/19,2019,60.374001,60.814999,60.025002,60.296001,60.296001,20286000
4/4/19,2019,60.297001,60.783501,60.206501,60.75,60.75,19000000
4/5/19,2019,60.7495,60.811001,60.251499,60.357498,60.357498,18144000
4/8/19,2019,60.394501,60.434502,59.993,60.192001,60.192001,17204000
4/9/19,2019,59.799999,60.114498,59.653999,59.862499,59.862499,17528000
4/10/19,2019,60.034,60.189251,59.821751,60.108002,60.108002,14492000
4/11/19,2019,60.198002,60.397999,60.0065,60.230999,60.230999,14204000
4/12/19,2019,60.5,60.9175,60.405499,60.893501,60.893501,18668000
4/15/19,2019,60.900002,61.209999,60.455502,61.055,61.055,23748000
4/16/19,2019,61.25,61.541,61.006001,61.356499,61.356499,17126000
4/17/19,2019,61.650002,62.028,61.390999,61.817001,61.817001,24438000
4/18/19,2019,61.959,62.099998,61.730499,61.818501,61.818501,26636000
4/22/19,2019,61.7995,62.454498,61.415501,62.442001,62.442001,16146000
4/23/19,2019,62.5345,63.450001,62.319,63.227501,63.227501,26398000
4/24/19,2019,63.206001,63.400501,62.75,62.799999,62.799999,20376000
4/25/19,2019,63.238499,63.370399,62.601501,63.172501,63.172501,22146000
4/26/19,2019,63.450001,63.6535,63.015999,63.609001,63.609001,24828000
4/29/19,2019,63.700001,64.463501,63.314751,64.378998,64.378998,49988000
4/30/19,2019,59.25,59.640499,58.75,59.424,59.424,124140000
5/1/19,2019,59.4025,59.4025,58.359001,58.403999,58.403999,52784000
5/2/19,2019,58.388,58.709499,57.750099,58.130501,58.130501,38896000
5/3/19,2019,58.682499,59.34,58.450001,59.27,59.27,39614000
5/6/19,2019,58.313,59.5425,58.313,59.469501,59.469501,31278000
5/7/19,2019,59.023499,59.521999,58.051998,58.705002,58.705002,31028000
5/8/19,2019,58.600498,59.021198,58.286999,58.313499,58.313499,26186000
5/9/19,2019,57.9515,58.483002,57.5425,58.118999,58.118999,23714000
5/10/19,2019,58.179501,58.630001,57.125,58.213501,58.213501,26290000
5/13/19,2019,57.098,57.396999,56.105499,56.601501,56.601501,37212000
5/14/19,2019,56.8605,57.021,55.977501,56.021999,56.021999,36732000
5/15/19,2019,55.893501,58.566502,55.833302,58.210499,58.210499,45786000
5/16/19,2019,58.225498,59.408001,58.141998,58.949001,58.949001,30628000
5/17/19,2019,58.4235,59.0075,58.0005,58.115002,58.115002,24172000
5/20/19,2019,57.224998,57.339851,56.572151,56.942501,56.942501,27066000
5/21/19,2019,57.4245,57.635399,56.896999,57.481499,57.481499,23196000
5/22/19,2019,57.337502,57.925999,57.294498,57.570999,57.570999,18290000
5/23/19,2019,57.025002,57.298649,56.461201,57.038502,57.038502,23978000
5/24/19,2019,57.368,57.488251,56.583,56.6735,56.6735,22240000
5/28/19,2019,56.700001,57.57935,56.655998,56.7075,56.7075,27300000
5/29/19,2019,56.375999,56.455002,55.410999,55.823002,55.823002,30764000
5/30/19,2019,55.777,56.156502,55.605999,55.897499,55.897499,19038000
5/31/19,2019,55.064499,55.48,55.008999,55.181499,55.181499,30156000
6/3/19,2019,53.275002,53.275002,51.25,51.811501,51.811501,102612000
6/4/19,2019,52.145,52.802502,51.684502,52.6525,52.6525,56670000
6/5/19,2019,52.577,52.677502,51.524502,52.111,52.111,43368000
6/6/19,2019,52.2495,52.3745,51.685001,52.216999,52.216999,34064000
6/7/19,2019,52.531502,53.546001,52.419998,53.301998,53.301998,36048000
6/10/19,2019,53.648998,54.632999,53.6161,54.019001,54.019001,29284000
6/11/19,2019,54.699001,55.099499,53.88015,53.936001,53.936001,28734000
6/12/19,2019,53.900002,54.046501,53.376999,53.851501,53.851501,21220000
6/13/19,2019,54.181999,54.7085,54.0075,54.438499,54.438499,21154000
6/14/19,2019,54.320999,54.634499,54.008598,54.267502,54.267502,22230000
6/17/19,2019,54.313999,54.959,54.313999,54.625,54.625,18832000
6/18/19,2019,55.484501,55.8195,54.949501,55.18,55.18,27734000
6/19/19,2019,55.279999,55.349998,54.674,55.116501,55.116501,26776000
6/20/19,2019,55.9995,56.006001,55.237,55.570999,55.570999,25240000
6/21/19,2019,55.462002,56.205502,55.403999,56.094002,56.094002,38952000
6/24/19,2019,55.980499,56.099998,55.550499,55.776001,55.776001,27912000
6/25/19,2019,55.632999,55.717499,54.189999,54.317501,54.317501,30938000
6/26/19,2019,54.325001,54.648499,53.612,53.990002,53.990002,36218000
6/27/19,2019,54.200001,54.355,53.7645,53.800499,53.800499,20086000
6/28/19,2019,53.8195,54.049999,53.668499,54.045502,54.045502,33864000
7/1/19,2019,54.900002,55.379002,54.68515,54.897499,54.897499,28726000
7/2/19,2019,55.112,55.588501,54.908501,55.5625,55.5625,19832000
7/3/19,2019,55.870499,56.338001,55.693001,56.078999,56.078999,15340000
7/5/19,2019,55.889999,56.644001,55.806999,56.579498,56.579498,25286000
7/8/19,2019,56.258499,56.299,55.560501,55.817501,55.817501,24728000
7/9/19,2019,55.59,56.401249,55.358501,56.241501,56.241501,26608000
7/10/19,2019,56.561001,57.102501,56.5485,57.023998,57.023998,24190000
7/11/19,2019,57.162498,57.6535,56.979,57.210499,57.210499,23910000
7/12/19,2019,57.199501,57.367001,56.938999,57.244999,57.244999,17280000
7/15/19,2019,57.342999,57.541,56.970001,57.516998,57.516998,18076000
7/16/19,2019,57.299999,57.929001,57.25,57.679001,57.679001,24776000
7/17/19,2019,57.5485,57.917999,57.288502,57.317501,57.317501,23400000
7/18/19,2019,57.087002,57.380249,56.636501,57.316502,57.316502,25814000
7/19/19,2019,57.4095,57.556999,56.480999,56.505001,56.505001,32944000
7/22/19,2019,56.672501,56.962502,56.212002,56.9035,56.9035,26030000
7/23/19,2019,57.200001,57.345001,56.59,57.310501,57.310501,21874000
7/24/19,2019,56.595001,57.200001,56.349499,56.890499,56.890499,31796000
7/25/19,2019,56.890999,57.084999,56.046001,56.605999,56.605999,44196000
7/26/19,2019,61.202,63.2775,61.200001,62.5205,62.5205,96116000
7/29/19,2019,62.052502,62.3685,61.411499,61.970501,61.970501,44474000
7/30/19,2019,61.2705,61.7435,61.165001,61.257,61.257,29066000
7/31/19,2019,61.150002,61.700001,60.388199,60.834,60.834,34510000
8/1/19,2019,60.7015,61.705502,60.285999,60.4505,60.4505,33970000
8/2/19,2019,60.036999,60.345001,59.446999,59.699501,59.699501,32902000
8/5/19,2019,58.501999,58.762001,57.007,57.616001,57.616001,51950000
8/6/19,2019,58.165501,58.998001,58,58.497501,58.497501,34188000
8/7/19,2019,57.799999,58.922249,57.481201,58.699501,58.699501,28886000
8/8/19,2019,59.141499,60.2505,58.651001,60.240002,60.240002,29360000
8/9/19,2019,59.899502,60.194,59.180149,59.400501,59.400501,21314000
8/12/19,2019,58.960499,59.248001,58.383598,58.7355,58.7355,20060000
8/13/19,2019,58.573002,60.238998,58.573002,59.863499,59.863499,25888000
8/14/19,2019,58.815498,59.115002,58.027,58.2145,58.2145,31574000
8/15/19,2019,58.174999,58.792,58.105499,58.362999,58.362999,24374000
8/16/19,2019,58.977501,59.136002,58.5905,58.880001,58.880001,26266000
8/19/19,2019,59.504501,60.349499,59.504501,59.922501,59.922501,24632000
8/20/19,2019,59.762501,59.803001,59.105499,59.134499,59.134499,18310000
8/21/19,2019,59.657501,59.950001,59.371498,59.5625,59.5625,14814000
8/22/19,2019,59.703499,59.9006,58.929001,59.476501,59.476501,18950000
8/23/19,2019,59.099499,59.703999,57.387501,57.564499,57.564499,33740000
8/26/19,2019,57.862999,58.473499,57.647999,58.4445,58.4445,24522000
8/27/19,2019,59.026501,59.119999,58.072498,58.391998,58.391998,21544000
8/28/19,2019,58.085499,58.820999,57.865002,58.550999,58.550999,16040000
8/29/19,2019,59.056,59.803001,59.056,59.642502,59.642502,21768000
8/30/19,2019,59.924999,59.924999,59.190151,59.404999,59.404999,22596000
9/3/19,2019,58.851501,59.344501,58.16,58.419498,58.419498,29598000
9/4/19,2019,58.835499,59.174,58.549999,59.070499,59.070499,21378000
9/5/19,2019,59.5765,60.652,59.5765,60.569,60.569,28162000
9/6/19,2019,60.406502,60.60075,60.126099,60.246498,60.246498,21442000
9/9/19,2019,60.200001,61,59.631001,60.220501,60.220501,29438000
9/10/19,2019,59.7575,60.5,59.729,60.299999,60.299999,25202000
9/11/19,2019,60.170502,61.130001,60.110001,61.008499,61.008499,26140000
9/12/19,2019,61.215,62.092999,61.151001,61.712502,61.712502,34518000
9/13/19,2019,61.567501,62.043999,61.350498,61.978001,61.978001,26028000
9/16/19,2019,61.476002,61.978001,61.280499,61.564999,61.564999,21066000
9/17/19,2019,61.52,61.75,61.184502,61.4575,61.4575,19102000
9/18/19,2019,61.3755,61.780499,60.8265,61.620499,61.620499,22702000
9/19/19,2019,61.603001,62.222,61.601002,61.935501,61.935501,19920000
9/20/19,2019,61.655998,62.166,61.153999,61.496498,61.496498,45400000
9/23/19,2019,61.299999,61.954498,61.2085,61.7015,61.7015,21248000
9/24/19,2019,62,62.337002,60.534,60.938,60.938,31664000
9/25/19,2019,60.791,62.415001,60.504501,62.326,62.326,29060000
9/26/19,2019,62.098,62.25,61.6134,62.0695,62.0695,30760000
9/27/19,2019,62.150501,62.201,60.7225,61.254501,61.254501,27078000
9/30/19,2019,61.0485,61.299999,60.615002,60.950001,60.950001,28082000
10/1/19,2019,60.950001,61.561501,60.179001,60.255001,60.255001,25470000
10/2/19,2019,59.848999,59.848999,58.564499,58.831501,58.831501,32302000
10/3/19,2019,59,59.452999,58.121498,59.391499,59.391499,32424000
10/4/19,2019,59.594501,60.571999,59.4585,60.450001,60.450001,23248000
10/7/19,2019,60.220001,60.910198,60.1875,60.383999,60.383999,16858000
10/8/19,2019,59.879501,60.304001,59.4505,59.456501,59.456501,20786000
10/9/19,2019,59.967499,60.4175,59.8815,60.115501,60.115501,17354000
10/10/19,2019,59.929001,60.75,59.867001,60.433498,60.433498,16932000
10/11/19,2019,61.1105,61.419498,60.687,60.772499,60.772499,25454000
10/14/19,2019,60.617001,61.316502,60.588001,60.856998,60.856998,17350000
10/15/19,2019,61.02,62.366501,61.02,62.150501,62.150501,27634000
10/16/19,2019,62.058498,62.737,61.922501,62.181999,62.181999,21892000
10/17/19,2019,62.546501,63.166248,62.497002,62.6535,62.6535,19048000
10/18/19,2019,62.673,62.9445,62.054001,62.274502,62.274502,27056000
10/21/19,2019,62.612999,62.731449,62.029999,62.307499,62.307499,20544000
10/22/19,2019,62.392502,62.529999,62.069,62.139999,62.139999,20476000
10/23/19,2019,62.118,62.994499,62.118,62.956501,62.956501,18230000
10/24/19,2019,63.044998,63.200001,62.685749,63.0495,63.0495,20562000
10/25/19,2019,62.551498,63.48,62.5005,63.2565,63.2565,24262000
10/28/19,2019,63.772499,64.9655,63.626999,64.5,64.5,52264000
10/29/19,2019,63.811501,64.079498,62.8606,63.131001,63.131001,37728000
10/30/19,2019,62.648499,63.467999,62.599998,63.064499,63.064499,28178000
10/31/19,2019,63.063999,63.383499,62.542149,63.005501,63.005501,29114000
11/1/19,2019,63.25,63.730999,63.025002,63.687,63.687,33402000
11/4/19,2019,63.822498,64.706497,63.817749,64.568497,64.568497,30020000
11/5/19,2019,64.644501,64.946503,64.561447,64.601501,64.601501,25654000
11/6/19,2019,64.473,64.686501,64.125,64.589996,64.589996,23060000
11/7/19,2019,64.713997,66.186996,64.71225,65.443001,65.443001,40600000
11/8/19,2019,65.264,65.900002,65.218246,65.568497,65.568497,25028000
11/11/19,2019,65.158997,65.321251,64.870499,64.959503,64.959503,20238000
11/12/19,2019,65,65.5,64.788498,64.940002,64.940002,21718000
11/13/19,2019,64.703499,65.214996,64.675499,64.900002,64.900002,16534000
11/14/19,2019,64.875,65.849998,64.782501,65.572998,65.572998,23870000
11/15/19,2019,65.946999,66.744003,65.713997,66.7435,66.7435,35652000
11/18/19,2019,66.611,66.776451,65.875,66.035004,66.035004,29748000
11/19/19,2019,66.385002,66.385002,65.639999,65.773003,65.773003,25384000
11/20/19,2019,65.586998,65.75,64.557503,65.152496,65.152496,26172000
11/21/19,2019,65.073997,65.629501,64.650002,65.067497,65.067497,19910000
11/22/19,2019,65.280998,65.436501,64.570503,64.766998,64.766998,27714000
11/25/19,2019,64.959,65.565498,64.906502,65.334503,65.334503,20724000
11/26/19,2019,65.492996,65.739998,65.254501,65.677498,65.677498,21394000
11/27/19,2019,65.75,65.917999,65.481499,65.649498,65.649498,19912000
11/29/19,2019,65.356003,65.510246,65.198502,65.248001,65.248001,11740000
12/2/19,2019,65.050003,65.291496,64.050003,64.496002,64.496002,30218000
12/3/19,2019,63.9785,64.92305,63.950001,64.764,64.764,22876000
12/4/19,2019,65.350502,66.290001,65.2435,66.027,66.027,30750000
12/5/19,2019,66.400002,66.467903,65.821999,66.406502,66.406502,24254000
12/6/19,2019,66.671997,67.199997,66.671997,67.030998,67.030998,26296000
12/9/19,2019,66.902,67.972504,66.891998,67.178001,67.178001,27086000
12/10/19,2019,67.074997,67.498749,66.802002,67.233002,67.233002,21882000
12/11/19,2019,67.542,67.559998,67.133499,67.250999,67.250999,17008000
12/12/19,2019,67.296997,67.78875,67.025002,67.513496,67.513496,25620000
12/13/19,2019,67.397499,67.654648,67.193497,67.391502,67.391502,30992000
12/16/19,2019,67.824997,68.234001,67.633499,68.058502,68.058502,27946000
12/17/19,2019,68.144501,68.25,67.566147,67.755997,67.755997,37080000
12/18/19,2019,67.830002,68.023499,67.550003,67.630997,67.630997,30452000
12/19/19,2019,67.591003,67.904999,67.449249,67.802002,67.802002,29398000
12/20/19,2019,68.167503,68.181999,67.449997,67.4795,67.4795,66300000
12/23/19,2019,67.793503,67.989998,67.3255,67.442001,67.442001,17662000
12/24/19,2019,67.425003,67.513,67.139,67.178001,67.178001,6950000
12/26/19,2019,67.308502,68.066353,67.223503,68.019997,68.019997,13350000
12/27/19,2019,68.149498,68.226501,67.4655,67.594498,67.594498,20768000
12/30/19,2019,67.5,67.650002,66.700996,66.806999,66.806999,21018000
12/31/19,2019,66.505501,66.900002,66.454247,66.850998,66.850998,19236000
1/2/20,,67.077499,68.406998,67.077499,68.3685,68.3685,28132000
1/3/20,,67.392998,68.625,67.277199,68.032997,68.032997,23728000
1/6/20,,67.5,69.824997,67.5,69.710503,69.710503,34646000
1/7/20,,69.897003,70.149498,69.518997,69.667,69.667,30054000
1/8/20,,69.603996,70.579002,69.542,70.216003,70.216003,30560000
1/9/20,,71.028503,71.366501,70.513496,70.991501,70.991501,30018000
1/10/20,,71.377998,71.746452,70.917503,71.486504,71.486504,36414000
1/13/20,,71.806503,72.026001,71.301003,71.961502,71.961502,33046000
1/14/20,,71.9505,72.089996,71.418503,71.543999,71.543999,31178000
1/15/20,,71.510498,72.069748,71.510498,71.959999,71.959999,25654000
1/16/20,,72.372002,72.599503,72.045998,72.584999,72.584999,23474000
1/17/20,,73.1455,74.064751,72.911003,74.019501,74.019501,47924000
1/21/20,,73.956001,74.592499,73.559998,74.220001,74.220001,40734000
1/22/20,,74.550003,75.160698,74.246498,74.297501,74.297501,32216000
1/23/20,,74.382004,74.776001,74.105003,74.332497,74.332497,27024000
1/24/20,,74.679497,74.77475,73.262497,73.335503,73.335503,35692000
1/27/20,,71.550003,71.903503,71.059998,71.695,71.695,35104000
1/28/20,,72.150002,72.800003,71.623497,72.627998,72.627998,31548000
1/29/20,,72.940002,73.2715,72.336998,72.931503,72.931503,21554000
1/30/20,,71.998001,72.863998,71.82,72.792,72.792,26788000
1/31/20,,73.445,73.5065,71.426498,71.711502,71.711502,48344000
2/3/20,,73.099998,74.5,72.949501,74.296997,74.296997,60736000
2/4/20,,72.8535,73.474998,71.315002,72.3535,72.3535,78660000
2/5/20,,73.121002,73.192001,71.528,72.411499,72.411499,39724000
2/6/20,,72.516502,74.099998,72.4785,73.811501,73.811501,33588000
2/7/20,,73.364998,74.292,73.317497,73.961502,73.961502,23446000
2/10/20,,73.716003,75.474998,73.716003,75.433998,75.433998,28398000
2/11/20,,75.5905,76.481499,75.281898,75.439499,75.439499,26892000
2/12/20,,75.723999,76.034752,75.405502,75.913498,75.913498,23352000
2/13/20,,75.634499,76.359001,75.230003,75.733002,75.733002,18590000
2/14/20,,75.779999,76.037003,75.366997,76.037003,76.037003,23956000
2/18/20,,75.75,76.581497,75.629501,75.983498,75.983498,22414000
2/19/20,,76.253502,76.605301,76.07,76.334503,76.334503,18986000
2/20/20,,76.099998,76.482002,75.341003,75.907501,75.907501,21932000
2/21/20,,75.401497,75.610748,74.022003,74.255501,74.255501,34634000
2/24/20,,71.305496,71.848503,70.569504,71.079498,71.079498,57342000
2/25/20,,71.650002,71.906998,69.120003,69.422501,69.422501,49566000
2/26/20,,69.806999,70.785004,68.949997,69.658997,69.658997,44048000
2/27/20,,68.102997,68.585197,65.858498,65.904503,65.904503,59566000
2/28/20,,63.875,67.056999,63.549999,66.966499,66.966499,75782000
3/2/20,,67.580498,69.543503,66.340752,69.455498,69.455498,48630000
3/3/20,,69.971001,70.5075,66.599998,67.069504,67.069504,48046000
3/4/20,,67.961502,69.404503,67.155502,69.325996,69.325996,38266000
3/5/20,,67.510002,67.945503,65.254997,65.952003,65.952003,51226000
3/6/20,,63.853001,65.310997,63.052502,64.920502,64.920502,53212000
3/9/20,,60.264999,62.737999,60,60.778,60.778,67308000
3/10/20,,63,64.057503,60.938499,64.019501,64.019501,52228000
3/11/20,,62.485001,63.048,59.803501,60.7705,60.7705,52170000
3/12/20,,56.299999,59.693501,55.665001,55.745499,55.745499,84534000
3/13/20,,58.950001,60.987999,55.857151,60.9865,60.9865,74002000
3/16/20,,54.799999,57.61335,53.722,54.216499,54.216499,85048000
3/17/20,,54.655499,56.542999,52.800499,55.990002,55.990002,77230000
3/18/20,,52.8255,55.325001,51.863998,54.84,54.84,84668000
3/19/20,,54.6525,57.898499,53.005402,55.7645,55.7645,73022000
3/20/20,,56.785999,57.199501,53.274502,53.616001,53.616001,72036000
3/23/20,,53.066002,53.566002,50.6768,52.831001,52.831001,80882000
3/24/20,,55.188499,56.75,54.530998,56.723,56.723,66890000
3/25/20,,56.323502,57.445,54.300499,55.1245,55.1245,81630000
3/26/20,,55.59,58.498501,54.676498,58.087502,58.087502,71434000
3/27/20,,56.283501,57.533501,55.295502,55.5355,55.5355,64170000
3/30/20,,56.251999,57.581501,54.824001,57.341,57.341,51482000
3/31/20,,57.365002,58.765499,56.907001,58.140499,58.140499,49728000
4/1/20,,56.099998,56.484501,54.872501,55.280998,55.280998,46884000
4/2/20,,54.912998,56.342999,54.82,56.042,56.042,39298000
4/3/20,,55.950748,56.176998,53.990501,54.894001,54.894001,46268000
4/6/20,,56.900002,59.733002,56.547001,59.346001,59.346001,53294000
4/7/20,,61.049999,61.25,59.1115,59.3255,59.3255,47746000
4/8/20,,60.325001,60.953499,59.408001,60.514,60.514,39502000
4/9/20,,61.203999,61.2785,59.83675,60.572498,60.572498,43508000
4/13/20,,60.459,61.025501,59.379902,60.877998,60.877998,34796000
4/14/20,,62.254501,64.1035,61.8465,63.461498,63.461498,49408000
4/15/20,,62.280499,64.023003,62.02,63.123501,63.123501,33434000
4/16/20,,63.705002,63.950001,62.131001,63.1735,63.1735,50362000
4/17/20,,64.2425,64.721497,63.561501,64.162498,64.162498,38980000
4/20/20,,63.549999,64.080002,63.068501,63.330502,63.330502,33910000
4/21/20,,62.349998,62.713501,60.4855,60.817001,60.817001,43060000
4/22/20,,62.277,64.280647,62.099998,63.1605,63.1605,41848000
4/23/20,,63.577499,64.665497,63.283501,63.815498,63.815498,31324000
4/24/20,,63.058498,64.019997,62.4725,63.9655,63.9655,32792000
4/27/20,,64.800003,64.807503,63.450001,63.793999,63.793999,32012000
4/28/20,,64.3965,64.402496,61.610001,61.683498,61.683498,59026000
4/29/20,,67.072998,67.999496,66.266998,67.073997,67.073997,75872000
4/30/20,,66.244003,67.640999,66.124496,67.432999,67.432999,53378000
5/1/20,,66.425003,67.6035,65.550003,66.030502,66.030502,41450000
5/4/20,,65.411499,66.383003,64.949997,66.339996,66.339996,30080000
5/5/20,,66.896004,68.696999,66.873001,67.555496,67.555496,33030000
5/6/20,,68.084503,68.556,67.364502,67.364998,67.364998,24308000
5/7/20,,68.296997,68.879997,67.763496,68.627998,68.627998,27952000
5/8/20,,69.156502,69.938004,68.774002,69.418503,69.418503,27738000
5/11/20,,68.914001,70.8265,68.857597,70.163002,70.163002,28242000
5/12/20,,70.356003,70.75,68.738503,68.787003,68.787003,27812000
5/13/20,,68.852501,69.274101,66.419998,67.466499,67.466499,36252000
5/14/20,,66.750999,67.871002,66.195503,67.806503,67.806503,32062000
5/15/20,,67.5,68.723999,66.949997,68.6595,68.6595,34154000
5/18/20,,68.087502,69.616249,67.712502,69.196999,69.196999,36448000
5/19/20,,69.349854,69.599998,68.674248,68.674248,68.674248,25612000
5/20/20,,69.478996,70.521004,69.362503,70.335999,70.335999,33108000
5/21/20,,70.400002,70.774498,69.672501,70.139999,70.139999,27700000
5/22/20,,69.835503,70.638,69.591499,70.521004,70.521004,26188000
5/26/20,,71.863503,72.050003,70.606499,70.850998,70.850998,41212000
5/27/20,,70.862503,71.086998,69.564499,70.891998,70.891998,33716000
5/28/20,,69.843002,72.042,69.800003,70.836502,70.836502,33844000
5/29/20,,70.847,71.628502,70.667503,71.445999,71.445999,36418000
6/1/20,,70.919502,71.898003,70.900002,71.591003,71.591003,24342000
6/2/20,,71.527496,71.980499,70.941498,71.960999,71.960999,25562000
6/3/20,,71.915001,72.327599,71.488853,71.819,71.819,25124000
6/4/20,,71.519997,71.947998,70.236504,70.609001,70.609001,29686000
6/5/20,,70.658501,72.252502,70.300003,71.919502,71.919502,34698000
6/8/20,,71.116997,72.399498,71.116997,72.330498,72.330498,28084000
6/9/20,,72.267998,73.400002,72.1605,72.807999,72.807999,28184000
6/10/20,,72.976997,73.712952,72.813499,73.292503,73.292503,30504000
6/11/20,,72.124001,72.723747,70.099998,70.192001,70.192001,39826000
6/12/20,,71.4245,71.849998,69.301003,70.658997,70.658997,38928000
6/15/20,,69.540001,71.239998,69.396004,70.9925,70.9925,30078000
6/16/20,,72.261002,72.750999,71.294998,72.136002,72.136002,34184000
6/17/20,,72.358002,73,71.569,72.556,72.556,30992000
6/18/20,,72.458,72.570503,71.350502,71.797997,71.797997,31638000
6/19/20,,72.199997,72.389999,71.067497,71.585999,71.585999,63158000
6/22/20,,71.449997,72.637497,71.1605,72.593002,72.593002,30848000
6/23/20,,72.781998,73.79705,72.262001,73.220497,73.220497,28596000
6/24/20,,73.0755,73.771004,71.487503,71.598503,71.598503,35120000
6/25/20,,71.495003,72.144997,71,72.066498,72.066498,24610000
6/26/20,,71.569504,71.672501,67.599503,67.995003,67.995003,85354000
6/29/20,,67.908997,69.779999,67.350502,69.748497,69.748497,36204000
6/30/20,,69.522003,70.932503,69.197998,70.680496,70.680496,40848000
7/1/20,,70.555,72.150002,70.490997,71.902,71.902,35504000
7/2/20,,72.347,74.147499,72.320999,73.235001,73.235001,37182000
7/6/20,,74.002998,75.329498,73.642998,74.785004,74.785004,31280000
7/7/20,,74.5,75.839996,74.177498,74.259003,74.259003,29164000
7/8/20,,74.716003,75.293999,74.281502,74.800003,74.800003,24994000
7/9/20,,75.322502,76.136002,74.404251,75.5495,75.5495,28466000
7/10/20,,75.307503,77.191498,74.827003,77.086998,77.086998,37126000
7/13/20,,77.5,78.856598,75.262154,75.567001,75.567001,36928000
7/14/20,,74.515503,76.147499,74.175003,76.028999,76.028999,31700000
7/15/20,,76.156502,76.766502,74.900002,75.681999,75.681999,32214000
7/16/20,,75,75.934502,74.315498,75.900002,75.900002,30386000
7/17/20,,76.081001,76.171997,74.920998,75.777496,75.777496,29134000
7/20/20,,75.763,78.514503,75.18,78.286003,78.286003,31146000
7/21/20,,79.349503,79.349503,77.713997,77.920998,77.920998,24324000
7/22/20,,78.025002,78.5,77.305,78.4245,78.4245,18640000
7/23/20,,78.348503,78.593498,75.369598,75.783997,75.783997,32552000
7/24/20,,74.946503,75.881798,74.419998,75.593498,75.593498,30880000
7/27/20,,75.779999,77.0485,75.760498,76.510002,76.510002,24920000
7/28/20,,76.259003,76.323997,74.883003,75.016998,75.016998,34044000
7/29/20,,75.316002,76.562599,75.066498,76.100998,76.100998,22130000
7/30/20,,74.849998,76.893501,74.611,76.572502,76.572502,33428000
7/31/20,,75.250504,75.447502,72.7015,74.148003,74.148003,68798000
8/3/20,,74.332001,74.523499,73.281998,73.722504,73.722504,46604000
8/4/20,,73.828499,74.278,72.932503,73.248497,73.248497,38070000
8/5/20,,73.464996,74.120499,73.172997,73.680496,73.680496,39590000
8/6/20,,73.587502,75.119499,73.300003,75.004997,75.004997,39908000
8/7/20,,75,75.842247,74.082001,74.724503,74.724503,31556000
8/10/20,,74.359001,75.203751,73.653999,74.805,74.805,25786000
8/11/20,,74.622002,75.5,73.900002,74.015999,74.015999,29088000
8/12/20,,74.278999,75.619301,74.262497,75.331001,75.331001,28740000
8/13/20,,75.516998,76.862503,75.400253,75.922501,75.922501,29104000
8/14/20,,75.782997,76.095001,75.143997,75.386497,75.386497,27096000
8/17/20,,75.733498,76.280502,75.398499,75.899002,75.899002,27566000
8/18/20,,76.308998,78.123497,76.185501,77.93,77.93,40542000
8/19/20,,77.665497,78.683998,77.197502,77.376503,77.376503,33212000
8/20/20,,77.172501,79.293503,76.910004,79.087502,79.087502,34138000
8/21/20,,78.851501,79.886002,78.400253,79.021004,79.021004,28930000
8/24/20,,79.698997,80.708504,79.028503,79.410004,79.410004,28198000
8/25/20,,79.1035,80.581001,79.1035,80.411003,80.411003,44942000
8/26/20,,80.400002,82.960999,80.18,82.619003,82.619003,79868000
8/27/20,,82.683998,82.75,81.287498,81.716499,81.716499,37232000
8/28/20,,81.6745,82.358498,81.537498,82.220497,82.220497,29980000
8/31/20,,82.394501,82.398247,81.515503,81.709,81.709,36468000
9/1/20,,81.831497,83.286499,81.611,83.0355,83.0355,36506000
9/2/20,,83.688751,86.658997,83.316498,86.414001,86.414001,50224000
9/3/20,,85.485703,85.485703,80.752998,82.092003,82.092003,62156000
9/4/20,,81.212997,82.255501,77.380653,79.552002,79.552002,52172000
9/8/20,,76.675499,78.193253,76.400497,76.619499,76.619499,52218000
9/9/20,,77.876503,78.449997,76.802551,77.848,77.848,35494000
9/10/20,,78.031998,79.204048,76.290253,76.600998,76.600998,32372000
9/11/20,,76.800003,78.760002,74.867996,76.036003,76.036003,31942000
9/14/20,,76.950249,78.199997,75.787003,75.963997,75.963997,33932000
9/15/20,,76.800003,77.9785,76.591751,77.071999,77.071999,26622000
9/16/20,,77.777,78.099998,75.990997,76.044998,76.044998,26234000
9/17/20,,74.800003,75.414902,73.5,74.776497,74.776497,37596000
9/18/20,,74.900497,75.150146,71.856499,72.999496,72.999496,62078000
9/21/20,,72.002998,72.417999,70.327499,71.557999,71.557999,57776000
9/22/20,,72.504501,73.475998,71.726501,73.273003,73.273003,31664000
9/23/20,,72.939003,73.047997,70.385002,70.760498,70.760498,33148000
9/24/20,,70.551498,72.185448,70.4925,71.414497,71.414497,29004000
9/25/20,,71.6315,72.5,70.667,72.248001,72.248001,26460000
9/28/20,,73.710503,73.839996,72.46505,73.225998,73.225998,40158000
9/29/20,,73.519501,73.833153,72.940247,73.466499,73.466499,19564000
9/30/20,,73.339996,74.487503,72.994003,73.480003,73.480003,34032000
10/1/20,,74.213501,74.952003,73.960503,74.504501,74.504501,35590000
10/2/20,,73.101501,74.160004,72.545998,72.920998,72.920998,25682000
10/5/20,,73.310501,74.4105,73.213501,74.301003,74.301003,22266000
10/6/20,,73.778999,74.337997,72.429497,72.671997,72.671997,24908000
10/7/20,,73.2145,73.447998,71.800003,73.014503,73.014503,34924000
10/8/20,,73.254501,74.5,73.254501,74.296501,74.296501,23756000
10/9/20,,74.735001,75.825996,74.472504,75.761002,75.761002,28706000
10/12/20,,77.150002,79.693001,76.628502,78.457497,78.457497,49652000
10/13/20,,79.186501,79.5,78.160004,78.584,78.584,32020000
10/14/20,,78.929497,79.384201,77.526497,78.403999,78.403999,38586000
10/15/20,,77.357498,78.755249,77.251503,77.956497,77.956497,30800000
10/16/20,,78.292503,79.056503,78.150002,78.650497,78.650497,28694000
10/19/20,,79.023003,79.407501,76.400002,76.730499,76.730499,32142000
10/20/20,,76.352501,78.875,76.283501,77.796501,77.796501,44834000
10/21/20,,78.666496,80.936501,78.581497,79.665497,79.665497,51366000
10/22/20,,79.652496,81.099503,79.25,80.766502,80.766502,28672000
10/23/20,,81.303497,82.117996,81.025497,82.050003,82.050003,27516000
10/26/20,,81.250504,81.912003,78.824997,79.522499,79.522499,37066000
10/27/20,,79.783501,80.342247,79.139,80.212997,80.212997,24580000
10/28/20,,77.987,78.067497,75.731003,75.831001,75.831001,36680000
10/29/20,,76.117996,79.685501,76.112,78.362,78.362,40062000
10/30/20,,83.605499,84.349998,80.223,81.050499,81.050499,86582000
11/2/20,,81.407997,83.038498,80.801498,81.301498,81.301498,50708000
11/3/20,,81.588997,83.084999,80.831001,82.510498,82.510498,33234000
11/4/20,,85.514,88.568253,85.301498,87.456497,87.456497,71418000
11/5/20,,89.050003,89.681999,87.525497,88.168503,88.168503,41316000
11/6/20,,87.697502,88.621498,87.017502,88.087502,88.087502,33218000
11/9/20,,89.544998,90.903,88.000999,88.150002,88.150002,45366000
11/10/20,,86.554497,88.150002,85.864998,87.019501,87.019501,52722000
11/11/20,,87.5,88.210999,87.368248,87.635498,87.635498,25280000
11/12/20,,87.3815,88.413498,87.279999,87.491997,87.491997,24950000
11/13/20,,87.8815,89.052002,87.227501,88.850998,88.850998,29998000
11/16/20,,88.584999,89.953499,88.384499,89.069,89.069,24936000
11/17/20,,88.847,89.25,88.349998,88.5075,88.5075,22942000
11/18/20,,88.261497,88.6735,87.306999,87.338997,87.338997,23470000
11/19/20,,86.918999,88.4795,86.85025,88.195999,88.195999,24998000
11/20/20,,88.260498,88.699997,87.093002,87.109497,87.109497,46270000
11/23/20,,87.480003,87.695,85.886002,86.742996,86.742996,43232000
11/24/20,,86.525002,88.580002,86.384499,88.444,88.444,31560000
11/25/20,,88.644501,88.927002,87.827003,88.571503,88.571503,20916000
11/27/20,,88.654503,90.199997,88.622002,89.6595,89.6595,17698000
11/30/20,,89.059196,89.403252,87.75,88.037003,88.037003,36476000
12/1/20,,88.718498,91.241501,88.468498,89.904999,89.904999,34738000
12/2/20,,89.904999,91.782501,89.473648,91.397499,91.397499,24440000
12/3/20,,91.2005,92.360001,91.1325,91.338501,91.338501,24546000
12/4/20,,91.225998,91.657997,90.849503,91.399498,91.399498,27564000
12/7/20,,90.949997,91.6185,90.289001,90.973999,90.973999,26418000
12/8/20,,90.504997,91.095001,89.810249,90.927498,90.927498,21926000
12/9/20,,90.600502,91.713501,88.390503,89.206497,89.206497,30152000
12/10/20,,88.489998,89.065498,87.015999,88.766502,88.766502,27256000
12/11/20,,88.153,89.222504,88,89.088501,89.088501,24414000
12/14/20,,88.75,89.869499,87.860748,88.002998,88.002998,32004000
12/15/20,,88.221001,88.570999,87.497498,88.388496,88.388496,29646000
12/16/20,,88.643997,88.650002,87.804001,88.150002,88.150002,30270000
12/17/20,,88.425499,88.589203,86.932999,87.394997,87.394997,32494000
12/18/20,,87.709,87.755501,86.011002,86.550499,86.550499,80328000
12/21/20,,85.675499,87.042503,84.949997,86.968498,86.968498,36568000
12/22/20,,86.721497,86.870247,85.628754,86.175003,86.175003,18734000
12/23/20,,86.405502,87.399498,86.251999,86.619003,86.619003,20676000
12/24/20,,86.75,87.300003,86.455498,86.942497,86.942497,6936000
12/28/20,,87.581749,89.5364,87.31675,88.804497,88.804497,27860000
12/29/20,,89.389503,89.622002,87.804497,87.935997,87.935997,25988000
12/30/20,,88.100502,88.254753,86.279999,86.975998,86.975998,26122000
12/31/20,,86.771004,87.946503,86.771004,87.594002,87.594002,20238000
1/4/21,,87.876999,88.032501,85.392502,86.412003,86.412003,38038000
1/5/21,,86.25,87.383499,85.900749,87.045998,87.045998,22906000
1/6/21,,85.1315,87.400002,84.949997,86.764503,86.764503,52042000
1/7/21,,87.002998,89.419998,86.852501,89.362503,89.362503,45300000
1/8/21,,89.399002,90.491997,88.67675,90.360497,90.360497,41012000
1/11/21,,89.303497,89.715752,88.026001,88.335999,88.335999,24194000
1/12/21,,87.695999,88.902,86.265503,87.327499,87.327499,27140000
1/13/21,,86.929001,88.251747,86.900497,87.720001,87.720001,21882000
1/14/21,,87.681,88.750504,86.669998,87.009003,87.009003,23590000
1/15/21,,86.9095,87.800003,86.077499,86.809502,86.809502,26844000
1/19/21,,87.612503,90.463753,87.072998,89.542999,89.542999,34692000
1/20/21,,91.572998,95.185501,91.276497,94.345001,94.345001,49806000
1/21/21,,94.900002,96.742996,94.355499,94.5625,94.5625,41278000
1/22/21,,94.783997,95.547501,94.087997,95.052498,95.052498,25442000
1/25/21,,96.033501,96.478996,93.376503,94.970001,94.970001,38546000
1/26/21,,94.442001,96.25,94.21225,95.862,95.862,26262000
1/27/21,,94.126503,94.5,90.449997,91.539497,91.539497,54966000
1/28/21,,92.196999,94.941498,92.132004,93.155502,93.155502,35462000
1/29/21,,92.308502,92.863998,90.510002,91.787003,91.787003,32252000
2/1/21,,92.678497,96.119598,92.546501,95.067497,95.067497,32044000
2/2/21,,96.127998,97.788002,95.724503,96.375504,96.375504,45474000
2/3/21,,103.650002,105.824997,100.918999,103.503502,103.503502,82364000
2/4/21,,103.444504,103.927498,102.129501,103.1185,103.1185,37046000
2/5/21,,103.5,105.125504,102.966499,104.900002,104.900002,30702000
2/8/21,,105.295502,106.177353,103.599998,104.6455,104.6455,24838000
2/9/21,,103.927002,105.2565,103.927002,104.175499,104.175499,17798000
2/10/21,,104.710503,105.418503,103.154503,104.768997,104.768997,22710000
2/11/21,,104.975502,105.101501,103.865997,104.794502,104.794502,18914000
2/12/21,,104.512497,105.441002,104.156502,105.205498,105.205498,17114000
2/16/21,,105.218002,107.634003,105.218002,106.095001,106.095001,22676000
2/17/21,,105,106.682999,104.945999,106.415497,106.415497,21418000
2/18/21,,105.519501,106.636749,105.185501,105.860001,105.860001,22432000
2/19/21,,105.963501,106.526497,104.870499,105.056999,105.056999,29148000
2/22/21,,103.349998,104.570999,103.107002,103.244003,103.244003,27350000
2/23/21,,101.250504,104.100502,100.100998,103.542999,103.542999,33348000
2/24/21,,102.091499,105.039001,101.906502,104.758499,104.758499,24966000
2/25/21,,103.372498,104.744003,101.064499,101.568001,101.568001,36568000
2/26/21,,102.526001,103.550499,100.803001,101.843002,101.843002,41670000
3/1/21,,102.825996,104.325996,102.305,104.0755,104.0755,28090000
3/2/21,,103.809502,105.218498,103.563004,103.792,103.792,22692000
3/3/21,,103.360497,104.425903,100.5,101.335503,101.335503,29684000
3/4/21,,101.168503,104.461998,101.013496,102.454498,102.454498,42360000
3/5/21,,103.655998,105.905502,102.320747,105.427002,105.427002,43904000
3/8/21,,105.056503,106.440498,101.080498,101.208504,101.208504,32948000
3/9/21,,103.5,103.902,102.391502,102.635002,102.635002,33946000
3/10/21,,103.587997,103.75,101.668503,102.751503,102.751503,25372000
3/11/21,,103.703003,106.285004,103.619003,105.738503,105.738503,24782000
3/12/21,,104.25,104.513,102.377502,103.096001,103.096001,34516000
3/15/21,,103.114998,103.352997,102.175499,103.324501,103.324501,25962000
3/16/21,,103.949501,106.178001,103.5,104.625999,104.625999,29832000
3/17/21,,103.801498,105.488998,102.699997,104.554001,104.554001,25980000
3/18/21,,103.050003,103.775002,101.677498,101.810997,101.810997,27228000
3/19/21,,102.102501,102.654999,100.884003,102.160004,102.160004,46298000
3/22/21,,102.092003,102.899498,101.303497,101.929497,101.929497,39096000
3/23/21,,102.584999,103.615097,101.960999,102.648003,102.648003,27340000
3/24/21,,103.268501,103.9105,102.077751,102.252998,102.252998,23080000
3/25/21,,102.240501,102.943497,100.536499,102.218002,102.218002,28378000
3/26/21,,101.943001,102.5495,100.700996,101.777496,101.777496,29870000
3/29/21,,101.393997,102.921501,100.780998,102.797501,102.797501,24596000
3/30/21,,102.8815,103.539001,102.2015,102.777,102.777,20732000
3/31/21,,102.956001,104.666351,102.83725,103.431503,103.431503,29198000
4/1/21,,104.897499,107.147003,104.844498,106.887497,106.887497,33980000
4/5/21,,107.647003,111.865501,107.581001,111.277496,111.277496,43298000
4/6/21,,111.125,111.883003,110.739998,111.237503,111.237503,27060000
4/7/21,,111.306503,112.75,111.266502,112.484001,112.484001,25798000
4/8/21,,113.898003,114.200249,112.884003,113.272003,113.272003,27166000
4/9/21,,112.834999,114.452003,112.685699,114.293999,114.293999,20888000
4/12/21,,113.3125,113.765999,111.923248,112.739502,112.739502,31318000
4/13/21,,113.073502,113.860497,112.804497,113.363503,113.363503,23310000
4/14/21,,113.758003,113.899498,112.459503,112.741997,112.741997,20220000
4/15/21,,113.848999,115.329849,113.300003,114.833,114.833,27472000
4/16/21,,115.150002,115.321999,114.222504,114.888,114.888,22596000
4/19/21,,114.598999,115.922501,114.39225,115.120003,115.120003,24688000
4/20/21,,115.394501,115.480003,113.585503,114.681503,114.681503,21774000
4/21/21,,114.262497,114.765999,112.928497,114.664497,114.664497,23930000
4/22/21,,114.661499,115.188103,112.822502,113.396004,113.396004,21096000
4/23/21,,114.1735,116.291,113.9105,115.764999,115.764999,28670000
4/26/21,,115.996498,117.063004,115.692001,116.336998,116.336998,20834000
4/27/21,,116.800003,116.872498,115.213501,115.356003,115.356003,31972000
4/28/21,,120.357246,122.618896,118.7425,118.995499,118.995499,59728000
4/29/21,,120.516502,121.825996,120.113998,121.494499,121.494499,39554000
4/30/21,,120.224503,121.357002,120.108002,120.505997,120.505997,39142000
5/3/21,,120.136002,120.985001,119.224998,119.758499,119.758499,33788000
5/4/21,,118.487,118.962997,115.584999,117.712502,117.712502,35120000
5/5/21,,118.420998,119.110001,117.570503,117.836998,117.836998,21806000
5/6/21,,117.531998,119.135498,117.116898,119.067497,119.067497,20618000
5/7/21,,120,120.820503,119.5,119.934502,119.934502,23272000
5/10/21,,118.744499,118.900002,116.736504,117.083,117.083,26006000
5/11/21,,114.593002,116.099998,114.150002,115.438004,115.438004,32110000
5/12/21,,113.085503,114.268501,111.502502,111.954002,111.954002,34934000
5/13/21,,113.054497,113.830048,112.136002,113.098503,113.098503,26670000
5/14/21,,114.591499,116.056999,114.166,115.807999,115.807999,26624000
5/17/21,,115.466003,116.167,114.75,116.070503,116.070503,19842000
5/18/21,,116.845299,117.157501,115.157997,115.171501,115.171501,17302000
5/19/21,,113.220001,115.837997,113.176003,115.435501,115.435501,19350000
5/20/21,,116.402,118.016998,116.054497,117.804497,117.804497,23832000
5/21/21,,118.2995,118.449997,117.1185,117.254997,117.254997,22832000
5/24/21,,118.349998,120.924004,118.005501,120.333504,120.333504,21244000
5/25/21,,121,121.644501,120.149498,120.453499,120.453499,18838000
5/26/21,,120.641747,122.147202,120.625748,121.676498,121.676498,21856000
5/27/21,,121.847,122,120.099998,120.125504,120.125504,38962000
5/28/21,,121.098,121.406998,120.384499,120.578003,120.578003,24108000
6/1/21,,121.099998,121.898552,120.244003,121.490501,121.490501,19166000
6/2/21,,121.765503,122.099998,120.209999,121.064003,121.064003,17158000
6/3/21,,119.750999,120.487251,119.141502,120.230499,120.230499,18346000
6/4/21,,121.125999,122.692947,120.888496,122.587997,122.587997,25948000
6/7/21,,122.566002,123.400002,122.05365,123.304497,123.304497,23850000
6/8/21,,123.995003,124.724747,123.412003,124.142502,124.142502,25060000
6/9/21,,124.974998,125.25,124.366501,124.57,124.57,20126000
6/10/21,,124.7005,126.163002,124.699997,126.080002,126.080002,31234000
6/11/21,,126.246002,126.349503,124.914497,125.696503,125.696503,25240000
6/14/21,,125.669502,126.411499,125.046997,126.351997,126.351997,22550000
6/15/21,,126.522003,126.862,125.648499,126.032997,126.032997,22182000
6/16/21,,126.247498,126.523499,124.149948,125.696503,125.696503,26316000
6/17/21,,125.523003,127.196503,125.514999,126.371002,126.371002,25756000
6/18/21,,125.705498,126.389,124.602997,125.567497,125.567497,53306000
6/21/21,,125.739998,127.036751,125.134247,126.455002,126.455002,26256000
6/22/21,,126.449997,127.269997,126.026497,126.999496,126.999496,20984000
6/23/21,,126.550003,127.795998,126.251999,126.461502,126.461502,19694000
6/24/21,,127.053497,127.5355,126.959999,127.281998,127.281998,18934000
6/25/21,,126.957001,127.504997,126.444,126.995003,126.995003,33484000
6/28/21,,127,127.336998,125.973801,126.819504,126.819504,28110000
6/29/21,,126.772499,127,125.436996,126.018501,126.018501,20950000
6/30/21,,125.653549,125.800003,124.7575,125.316002,125.316002,24006000
7/1/21,,124.849747,126.462502,124.849747,126.3685,126.3685,17120000
7/2/21,,126.8395,128.848007,126.768997,128.718994,128.718994,21160000
7/6/21,,129.449493,129.884506,128.408997,129.770996,129.770996,21350000
7/7/21,,130.341003,130.639893,129.759995,130.077499,130.077499,16680000
7/8/21,,128.25,130.032501,128.039993,129.177002,129.177002,19780000
7/9/21,,128.944504,129.849503,128.943497,129.574493,129.574493,15106000
7/12/21,,129.833496,130.770004,129.600006,130.563995,130.563995,16944000
7/13/21,,130.8815,132.042007,130.636993,130.994507,130.994507,16618000
7/14/21,,131.901505,132.996002,131.897995,132.082504,132.082504,17912000
7/15/21,,132.5,132.595001,130.598007,131.266495,131.266495,16586000
7/16/21,,131.641006,132.182999,130.821503,131.845505,131.845505,14856000
7/19/21,,131.155502,131.246994,128.537003,129.253998,129.253998,25710000
7/20/21,,130.003998,132.001343,129.1884,131.101501,131.101501,19084000
7/21/21,,130.787003,132.617249,130.601501,132.600494,132.600494,14742000
7/22/21,,132.649994,133.504501,132.399994,133.328506,133.328506,13608000
7/23/21,,135.259995,138.808502,134.7005,137.815994,137.815994,26378000
7/26/21,,138.25,139.712997,137.651001,139.644501,139.644501,23052000
7/27/21,,140.011002,140.011002,135.100006,136.796494,136.796494,42164000
7/28/21,,138.561996,139.675995,136.350006,136.3815,136.3815,54688000
7/29/21,,136.3806,137.151505,136.138,136.540497,136.540497,19284000
7/30/21,,135.511002,135.771347,134.814194,135.220993,135.220993,23954000
8/2/21,,135.484497,136.020493,134.669495,135.989502,135.989502,20140000
8/3/21,,136,136.335495,134.183502,136.279999,136.279999,19064000
8/4/21,,136.249496,136.537994,135.414993,136.028503,136.028503,16528000
8/5/21,,136.028503,136.949997,135.600006,136.940002,136.940002,11866000
8/6/21,,136.294998,137.080048,136.046494,137.035995,137.035995,13560000
8/9/21,,136.949005,138.321503,136.428757,138.001999,138.001999,12374000
8/10/21,,138.079498,138.551498,137.226501,138.096497,138.096497,16034000
8/11/21,,138.283005,138.847748,137.350006,137.689499,137.689499,15204000
8/12/21,,137.712997,138.417999,136.779007,138.389496,138.389496,14646000
8/13/21,,138.357498,138.673996,138.005005,138.406006,138.406006,12580000
8/16/21,,138,138.990494,136.165756,138.916,138.916,18040000
8/17/21,,138.190994,138.718506,136.787506,137.300507,137.300507,21272000
8/18/21,,137.115494,138.294006,136.421005,136.570007,136.570007,14934000
8/19/21,,135.467499,137.451996,135.356003,136.913498,136.913498,18296000
8/20/21,,137.082993,138.614502,136.466995,138.436996,138.436996,15564000
8/23/21,,138.998505,142.177002,138.747955,141.099503,141.099503,21090000
8/24/21,,141.543503,143.007507,141.3535,142.398499,142.398499,15126000
8/25/21,,142.882996,143.313004,142.439499,142.949997,142.949997,12838000
8/26/21,,142.6185,143.134796,142.091507,142.123001,142.123001,14922000
8/27/21,,142.112503,145.011002,142.020004,144.550507,144.550507,24562000
8/30/21,,144.704498,146.489502,144.600006,145.469498,145.469498,16916000
8/31/21,,145.884506,146.112,145,145.462006,145.462006,26756000
9/1/21,,145.649994,146.820496,145.614502,145.841995,145.841995,15824000
9/2/21,,145.949493,146.324997,144.106506,144.218994,144.218994,21844000
9/3/21,,144.145996,145.376999,143.505005,144.774994,144.774994,19104000
9/7/21,,144.749496,145.824005,144.541,145.518997,145.518997,15170000
9/8/21,,145.393494,145.550995,144.199997,144.883499,144.883499,15486000
9/9/21,,144.883499,145.669495,144.434006,144.913498,144.913498,14798000
9/10/21,,145.443497,146.018997,141.741501,141.921005,141.921005,32896000
9/13/21,,143.201004,144.190994,142.282501,143.464996,143.464996,20176000
9/14/21,,144.160995,144.727493,142.905502,143.406006,143.406006,18916000
9/15/21,,143.759003,145.581497,142.255997,145.205994,145.205994,20648000
9/16/21,,145.121002,145.199997,143.416351,144.373505,144.373505,20292000
9/17/21,,143.798492,144.249496,141.061493,141.463501,141.463501,60040000
9/20/21,,139.000198,139.362503,137.052994,139.016998,139.016998,34918000
9/21/21,,140.117004,140.8116,138.905502,139.6465,139.6465,18130000
9/22/21,,140.050507,141.583496,139.471756,140.938507,140.938507,22068000
9/23/21,,141.609497,142.252457,141.096497,141.826508,141.826508,17272000
9/24/21,,140.945999,142.903503,140.850494,142.632996,142.632996,14950000
9/27/21,,141.585495,142.5,140.5,141.501007,141.501007,18844000
9/28/21,,139.088501,139.606506,135.699997,136.184006,136.184006,42190000
9/29/21,,137.109695,137.398499,134.25,134.520996,134.520996,26338000
9/30/21,,134.324997,135.589996,133,133.265503,133.265503,35294000
10/1/21,,133.554504,137.070999,133.377502,136.462494,136.462494,28388000
10/4/21,,135.699493,135.699997,131.166504,133.764999,133.764999,31530000
10/5/21,,134,137.362,134,136.177002,136.177002,24126000
10/6/21,,134.625504,137.852005,134.486496,137.354004,137.354004,19764000
10/7/21,,138.863007,140.154449,138.563004,139.185501,139.185501,18250000
10/8/21,,139.906006,140.317001,139.429352,140.056,140.056,18924000
10/11/21,,139.800003,140.763657,138.806503,138.847504,138.847504,16584000
10/12/21,,139.637497,139.695007,136.25,136.712997,136.712997,22536000
10/13/21,,137.75,138.550003,136.976501,137.899994,137.899994,16380000
10/14/21,,139.951996,141.651505,139.339005,141.412003,141.412003,21426000
10/15/21,,142.199997,142.199997,141.064499,141.675003,141.675003,21250000
10/18/21,,141.213501,142.998749,141.213501,142.960495,142.960495,16564000
10/19/21,,143.291504,144.106995,143.095993,143.822006,143.822006,15316000
10/20/21,,144.222504,144.247757,141.912003,142.414993,142.414993,17940000
10/21/21,,142.192001,142.849503,141.636993,142.780502,142.780502,14850000
10/22/21,,140.350998,141.558502,137.170502,138.625,138.625,30182000
10/25/21,,138.810501,139.205795,136.748505,138.772995,138.772995,21082000
10/26/21,,140.606003,140.839493,139.005493,139.671997,139.671997,28258000
10/27/21,,139.902496,149.117996,139.902496,146.427505,146.427505,51850000
10/28/21,,147.298996,147.4245,144.763504,146.128998,146.128998,32418000
10/29/21,,145.520004,148.613007,145.166504,148.270493,148.270493,28954000
11/1/21,,148.164993,148.399506,143.579498,143.774002,143.774002,32272000
11/2/21,,144.809402,146.920502,144.641006,145.863007,145.863007,21150000
11/3/21,,146.274994,146.910507,145.053497,146.789993,146.789993,17886000
11/4/21,,147.199997,149.949997,146.634995,148.682999,148.682999,24700000
11/5/21,,149.3535,150.570755,148.651993,149.240997,149.240997,20408000
11/8/21,,150,151.0345,149.119995,149.351501,149.351501,18388000
11/9/21,,149.746002,150.378494,147.507004,149.248505,149.248505,16876000
11/10/21,,148.00975,148.699997,145.324997,146.626007,146.626007,22708000
11/11/21,,147.106995,148.502243,146.694504,146.748001,146.748001,12464000
11/12/21,,147.831497,149.859497,146.453995,149.645493,149.645493,17048000
11/15/21,,150,150.477005,148.652496,149.388,149.388,16248000
11/16/21,,149.170502,149.832504,148.350006,149.076004,149.076004,17254000
11/17/21,,149.229004,149.626007,148.563004,149.061996,149.061996,15290000
11/18/21,,149.145996,151.610001,148.998505,150.709,150.709,26658000
11/19/21,,151,151.850006,149.887497,149.952499,149.952499,19766000
11/22/21,,150.141754,150.744507,147.005493,147.078506,147.078506,24608000
11/23/21,,147.113007,147.694,144.889496,146.757004,146.757004,18126000
11/24/21,,146.350006,147,145.199005,146.717499,146.717499,16464000
11/26/21,,145.015503,145.296997,142.485504,142.806,142.806,16992000
11/29/21,,144.298492,146.862,144.298492,146.113998,146.113998,26276000
11/30/21,,145.450256,146.628494,142.065994,142.451996,142.451996,41590000
12/1/21,,144.212494,146.499146,141.5,141.617996,141.617996,28476000
12/2/21,,141.824005,144.675003,140.981995,143.776505,143.776505,21250000
12/3/21,,144.495499,145.212997,141.149994,142.520493,142.520493,26688000
12/6/21,,143.574005,144.351501,140.647003,143.796494,143.796494,22198000
12/7/21,,145.949997,148.300003,145.702499,148.036499,148.036499,23258000
12/8/21,,148.331497,149.156494,147.199997,148.720505,148.720505,18964000
12/9/21,,148.175995,149.604996,147.529007,148.106003,148.106003,18580000
12/10/21,,149.100006,149.399994,147.357498,148.675003,148.675003,21634000
12/13/21,,148.444,148.5625,146.360001,146.704498,146.704498,24104000
12/14/21,,144.770004,145.442001,142.242493,144.970505,144.970505,24778000
12/15/21,,144.365997,147.517242,142.705505,147.3685,147.3685,27280000
12/16/21,,148.076996,148.551498,144.092499,144.838501,144.838501,27400000
12/17/21,,142.714493,144.460098,141.787994,142.802994,142.802994,43404000
12/20/21,,140.679596,142.610504,140.25,142.401505,142.401505,20264000
12/21/21,,143.149994,144.692047,141.735001,144.220505,144.220505,19548000
12/22/21,,144.100006,147.302994,143.962997,146.949005,146.949005,18438000
12/23/21,,147.089493,148.572601,146.950851,147.142502,147.142502,13818000
12/27/21,,147.463501,148.426498,147.25,148.063995,148.063995,13256000
12/28/21,,148.374496,148.374496,145.935501,146.447998,146.447998,18624000
12/29/21,,146.429504,147.183746,145.504501,146.504501,146.504501,17022000
12/30/21,,146.449997,147.0625,145.758499,146.002502,146.002502,12978000
12/31/21,,145.544006,146.365005,144.677505,144.679504,144.679504,17298000
1/3/22,,144.475494,145.550003,143.502502,145.074493,145.074493,25214000
1/4/22,,145.550507,146.610001,143.816147,144.416504,144.416504,22928000
1/5/22,,144.181,144.298004,137.523499,137.653503,137.653503,49642000
1/6/22,,137.497498,139.686005,136.763504,137.550995,137.550995,29050000
1/7/22,,137.904999,138.254745,135.789001,137.004501,137.004501,19408000
1/10/22,,135.098999,138.639999,133.140503,138.574005,138.574005,34096000
1/11/22,,138.180496,140.329498,136.813507,140.017502,140.017502,23502000
1/12/22,,141.554504,142.814255,141.112,141.647995,141.647995,23642000
1/13/22,,141.8405,143.185501,138.914001,139.130997,139.130997,26566000
1/14/22,,137.5,141.2005,137.5,139.786499,139.786499,23826000
1/18/22,,136.600006,137.391495,135.617004,136.290497,136.290497,27382000
1/19/22,,136.938507,138.399506,135.5,135.651993,135.651993,20796000
1/20/22,,136.514008,137.912003,133.144501,133.5065,133.5065,21930000
1/21/22,,133.011993,134.760498,130.001007,130.091995,130.091995,41920000
1/24/22,,126.027496,130.778503,124.641953,130.371994,130.371994,55148000
1/25/22,,128.435501,129.338501,126.377998,126.735497,126.735497,36008000
1/26/22,,130.592499,132.807495,127.153503,129.240005,129.240005,39630000
1/27/22,,131.360992,132.609955,128.945007,129.121002,129.121002,30248000
1/28/22,,130,133.370499,128.694504,133.289505,133.289505,30518000
1/31/22,,134.197998,135.843506,132.274002,135.698502,135.698502,34056000
2/1/22,,137.835007,138.199997,134.568253,137.878494,137.878494,51204000
2/2/22,,151.863495,152.100006,145.557495,148.036499,148.036499,89750000
2/3/22,,145.294998,149.117706,142.205002,142.650497,142.650497,56930000
2/4/22,,143.016998,144.535248,139.817505,143.016006,143.016006,49224000
2/7/22,,143.709,143.846497,138.699005,138.938004,138.938004,44610000
2/8/22,,138.991257,139.837097,136.873001,139.212997,139.212997,34256000
2/9/22,,140.849747,142.175507,140.376999,141.453003,141.453003,28628000
2/10/22,,139.5,141.431,138.050003,138.602493,138.602493,33018000
2/11/22,,138.75,139.283249,133.288498,134.130005,134.130005,38808000
2/14/22,,133.365494,136.166504,133.302002,135.300003,135.300003,26792000
2/15/22,,137.471497,137.899994,135.539505,136.425507,136.425507,26578000
2/16/22,,136.430496,137.945999,134.823654,137.487503,137.487503,25610000
2/17/22,,136.149994,136.839493,132.201996,132.308502,132.308502,30968000
2/18/22,,133.037506,133.824005,130.307053,130.467499,130.467499,31858000
2/22/22,,129.985001,131.900757,127.740997,129.402496,129.402496,38906000
2/23/22,,131.078506,131.748993,127.503502,127.584999,127.584999,26432000
2/24/22,,125,133.037003,124.764503,132.673492,132.673492,43166000
2/25/22,,133.525497,135.389008,131.764999,134.519501,134.519501,26236000
2/28/22,,133.2845,135.640503,132.825256,134.891006,134.891006,29676000
3/1/22,,134.479996,136.110992,133.378494,134.167999,134.167999,24640000
3/2/22,,134.608246,135.615494,133.432495,134.751495,134.751495,23966000
3/3/22,,135.9785,136.713806,133.431,134.307999,134.307999,19780000
3/4/22,,133.382507,134.199005,130.408493,132.121994,132.121994,24446000
3/7/22,,131.904007,131.904007,126.410004,126.4645,126.4645,39178000
3/8/22,,126.250504,131.246506,125.860748,127.278503,127.278503,35250000
3/9/22,,131.399994,134.198502,130.087997,133.865997,133.865997,32258000
3/10/22,,131.462494,133.538498,131.401001,132.682007,132.682007,24266000
3/11/22,,133.999496,134.199997,130.296494,130.475494,130.475494,26600000
3/14/22,,130.572998,131.026001,126.413002,126.740997,126.740997,30254000
3/15/22,,127.741501,130.517242,126.568001,129.660507,129.660507,30292000
3/16/22,,131,133.770996,129.201004,133.690506,133.690506,32058000
3/17/22,,133.320999,134.739502,132.718994,134.600494,134.600494,23994000
3/18/22,,133.884003,136.913498,132.932007,136.801498,136.801498,45900000
3/21/22,,136.847504,137.582504,134.611496,136.4785,136.4785,26632000
3/22/22,,136.5,141.5,136.5,140.277496,140.277496,29776000
3/23/22,,139.138504,140.024994,138.166504,138.503494,138.503494,25302000
3/24/22,,139.272507,141.3965,138.039398,141.311996,141.311996,20544000
3/25/22,,141.753998,141.959503,139.699493,141.5215,141.5215,19270000
3/28/22,,140.684494,141.976501,139.828156,141.949997,141.949997,23774000
3/29/22,,143.160507,144.162506,142.483994,143.25,143.25,28678000
3/30/22,,142.869995,143.480499,142.167999,142.644501,142.644501,21046000
3/31/22,,142.448502,142.644501,139.619003,139.649506,139.649506,29516000
4/1/22,,140.009995,140.949997,138.796997,140.699997,140.699997,23480000
4/4/22,,140.824493,144.043747,140.824493,143.642502,143.642502,19076000
4/5/22,,143.399506,143.589996,140.943497,141.063004,141.063004,19256000
4/6/22,,139.161499,139.848495,136.418106,137.175995,137.175995,23574000
4/7/22,,136.617996,137.701508,134.857254,136.464996,136.464996,19448000
4/8/22,,136.25,136.25,133.752502,134.010498,134.010498,16434000
4/11/22,,132.899994,132.939194,129.617493,129.796494,129.796494,24188000
4/12/22,,132.423492,132.423492,127.575996,128.374496,128.374496,23004000
4/13/22,,128.626495,130.655746,128.438599,130.285995,130.285995,19542000
4/14/22,,130.649506,130.710251,127.111504,127.252998,127.252998,23484000
4/18/22,,127.410004,128.712006,126.578453,127.960999,127.960999,14918000
4/19/22,,128.076996,130.903748,127.4515,130.531006,130.531006,22720000
4/20/22,,131.283997,131.923492,127.894051,128.245499,128.245499,22610000
4/21/22,,129.350006,130.307495,124.650002,124.9375,124.9375,30158000
4/22/22,,125,125.452003,119.140503,119.613998,119.613998,46410000
4/25/22,,119.429497,123.278,118.769249,123.25,123.25,34522000
4/26/22,,122.75,122.75,119.16185,119.505997,119.505997,49394000
4/27/22,,114.373001,117.5,113.124252,115.0205,115.0205,62238000
4/28/22,,117.114998,120.438499,115.143898,119.411499,119.411499,36790000
4/29/22,,117.578003,118.959999,114.694,114.966499,114.966499,33694000
5/2/22,,113.906502,117.3395,113.399498,117.156998,117.156998,30280000
5/3/22,,116.764999,119.300003,116.626999,118.129501,118.129501,21216000
5/4/22,,118.003502,123.142998,115.738503,122.574997,122.574997,33232000
5/5/22,,120.220497,121.233253,115.182503,116.746498,116.746498,43090000
5/6/22,,115.518997,117.498497,114.142998,115.660004,115.660004,35310000
5/9/22,,113.303497,115.562897,112.551498,113.084,113.084,34520000
5/10/22,,116.040497,116.691002,113.383301,114.584503,114.584503,31158000
5/11/22,,113.710503,116.670998,113.650002,113.960999,113.960999,36502000
5/12/22,,111.938004,114.856499,110.113503,113.161003,113.161003,41464000
5/13/22,,114.845497,118.084999,114,116.515503,116.515503,29738000
5/16/22,,115.384003,116.607498,114.334999,114.792503,114.792503,23282000
5/17/22,,117.227501,117.227501,115.337502,116.7015,116.7015,21576000
5/18/22,,115.237503,115.695648,112.141998,112.401001,112.401001,27982000
5/19/22,,111.841003,113.587502,110.468002,110.745499,110.745499,29192000
5/20/22,,112.085503,112.550003,106.373001,109.313004,109.313004,37586000
5/23/22,,110.103996,112.005501,109.154251,111.666496,111.666496,31558000
5/24/22,,106.377502,106.394997,102.208,105.926003,105.926003,60386000
5/25/22,,105.141998,106.544701,104.21125,105.8395,105.8395,37900000
5/26/22,,106.050499,108.955254,105.487999,108.295998,108.295998,30288000
5/27/22,,109.788498,112.867996,109.550003,112.799004,112.799004,29924000
5/31/22,,113.079002,116.433502,112.572502,114.039001,114.039001,51302000
6/1/22,,114.931503,117.399002,113.550499,114.137001,114.137001,28630000
6/2/22,,114.188004,117.898003,113.307999,117.746002,117.746002,27472000
6/3/22,,115.9925,116.364502,113.667999,114.564003,114.564003,25052000
6/6/22,,116.7425,119.398499,116.528297,117.010498,117.010498,23786000
6/7/22,,115.648003,117.74865,115.125504,117.2295,117.2295,26414000
6/8/22,,116.876503,118.646004,116.696747,117.237999,117.237999,22544000
6/9/22,,116.341499,118.349998,114.866997,114.917999,114.917999,23142000
6/10/22,,112.78125,113.497002,110.861,111.427498,111.427498,31324000
6/13/22,,107.445999,109.218498,106.588051,106.876503,106.876503,36756000
6/14/22,,106.889999,108.457497,106.351997,107.194,107.194,25480000
6/15/22,,108.899498,112.063004,108.118752,110.390503,110.390503,33192000
6/16/22,,108.149498,109.290497,105.792503,106.636002,106.636002,35314000
6/17/22,,106.535004,109.249496,105.628548,107.865501,107.865501,43516000
6/21/22,,109.702003,112.672997,109.293503,112.014999,112.014999,39010000
6/22/22,,111.163002,113.769501,110.724297,112.033997,112.033997,23922000
6/23/22,,112.949997,113.196503,111.028999,112.684502,112.684502,24710000
6/24/22,,113.602997,118.637497,113.602997,118.538002,118.538002,39122000
6/27/22,,118.934998,119.25,116.000748,116.622498,116.622498,32840000
6/28/22,,116.350998,117.856499,112.444,112.571503,112.571503,28232000
6/29/22,,112.148499,113.664497,111.554001,112.2565,112.2565,18628000
6/30/22,,110.499496,111.329803,107.309998,109.372498,109.372498,38046000
7/1/22,,108.336998,109.806351,107.105003,109.081001,109.081001,31028000
7/5/22,,107.514503,114.052597,106.249496,113.887001,113.887001,36398000
7/6/22,,114.092003,116.351997,112.250504,115.213501,115.213501,28852000
7/7/22,,116.008003,119.862,115.533997,119.306,119.306,32184000
7/8/22,,117.550003,120.434998,117.514,120.168503,120.168503,29082000
7/11/22,,118.650002,118.794502,116.234497,116.522499,116.522499,26718000
7/12/22,,116.838501,117.849503,114.614998,114.849503,114.849503,24970000
7/13/22,,112.639,115.156998,111.822998,112.186996,112.186996,38958000
7/14/22,,110.825996,111.987503,109.3255,111.440002,111.440002,32366000
7/15/22,,112.962997,114.000504,111.822502,112.766998,112.766998,34330000
7/18/22,,113.440002,114.800003,109.300003,109.910004,109.910004,33354000
7/19/22,,111.730003,114.809998,110.5,114.620003,114.620003,30992300
7/20/22,,114.059998,116.330002,113.260002,114.699997,114.699997,26780100
7/21/22,,115.089996,115.209999,111.910004,115.040001,115.040001,27267800
7/22/22,,111.809998,113.18,107.599998,108.360001,108.360001,44455300
7/25/22,,108.879997,110.580002,107.010002,108.209999,108.209999,28289900
7/26/22,,107.43,107.739998,104.760002,105.440002,105.440002,36626600
7/27/22,,109.599998,114.400002,108.419998,113.599998,113.599998,41474600
7/28/22,,112.800003,114.699997,111.850998,114.589996,114.589996,23303800
7/29/22,,113.400002,116.900002,113.230003,116.639999,116.639999,31336200
8/1/22,,115.529999,117.120003,114.690002,115.480003,115.480003,22856200
8/2/22,,114.43,117.080002,114.260002,115.900002,115.900002,17911000
8/3/22,,116.339996,119.419998,116.150002,118.779999,118.779999,25302800
8/4/22,,118.300003,119.5,117.709999,118.870003,118.870003,15757700
8/5/22,,116.93,118.860001,116.709999,118.220001,118.220001,15607600
8/8/22,,119.120003,120.860001,117.830002,118.139999,118.139999,17061100
8/9/22,,117.989998,118.199997,116.559998,117.5,117.5,15424300
8/10/22,,119.589996,121.779999,119.360001,120.650002,120.650002,20497000
8/11/22,,122.080002,122.339996,119.550003,119.82,119.82,16671600
8/12/22,,121.160004,122.650002,120.400002,122.650002,122.650002,16106600
8/15/22,,122.209999,123.260002,121.57,122.879997,122.879997,15525000
8/16/22,,122.32,123.227997,121.535004,122.510002,122.510002,15626200
8/17/22,,120.93,122.150002,120.199997,120.32,120.32,17589200
8/18/22,,120.230003,121.690002,119.550003,120.860001,120.860001,15652000
8/19/22,,119.870003,120,117.669998,118.120003,118.120003,20171100
8/22/22,,116.099998,116.5,114.669998,115.07,115.07,19316000
8/23/22,,114.32,115.93,114.300003,114.769997,114.769997,14390700
8/24/22,,114.449997,115.717003,113.779999,114.699997,114.699997,16051200
8/25/22,,115.150002,117.779999,115.050003,117.699997,117.699997,14874700
8/26/22,,115.809998,116.599998,111.220001,111.300003,111.300003,31698700
8/29/22,,110.779999,111.959999,109.809998,110.339996,110.339996,20386100
8/30/22,,111.029999,111.370003,108.800003,109.910004,109.910004,20548200
8/31/22,,111.629997,111.769997,109.050003,109.150002,109.150002,25898000
9/1/22,,109.199997,111.220001,108.190002,110.550003,110.550003,22784400
9/2/22,,111.339996,111.675003,108.129997,108.68,108.68,20601600
9/6/22,,108.135002,108.879997,106.510002,107.480003,107.480003,20551900